{"stats":{"minecraft:killed":{"minecraft:tropical_fish":2},"minecraft:picked_up":{"minecraft:bone":3,"minecraft:arrow":5,"minecraft:tropical_fish":2,"minecraft:sand":78,"minecraft:mangrove_roots":11,"minecraft:mangrove_propagule":2,"minecraft:moss_carpet":3},"minecraft:killed_by":{"minecraft:husk":3,"minecraft:zombie":1,"minecraft:enderman":1},"minecraft:mined":{"minecraft:short_grass":1,"minecraft:vine":1,"minecraft:dead_bush":2,"minecraft:sand":72,"minecraft:lily_pad":1,"minecraft:mangrove_roots":11,"minecraft:moss_carpet":1,"minecraft:mangrove_propagule":2},"minecraft:custom":{"minecraft:time_since_rest":600,"minecraft:crouch_one_cm":456,"minecraft:walk_one_cm":76022,"minecraft:play_time":46790,"minecraft:sprint_one_cm":25740,"minecraft:damage_taken":1876,"minecraft:deaths":6,"minecraft:sneak_time":329,"minecraft:walk_under_water_one_cm":17124,"minecraft:mob_kills":2,"minecraft:jump":454,"minecraft:damage_dealt":602,"minecraft:leave_game":4,"minecraft:walk_on_water_one_cm":28281,"minecraft:time_since_death":535,"minecraft:climb_one_cm":188,"minecraft:total_world_time":46790,"minecraft:swim_one_cm":104490,"minecraft:fall_one_cm":11497,"minecraft:fly_one_cm":16184,"minecraft:player_kills":1},"minecraft:used":{"minecraft:sand":69,"minecraft:tropical_fish":2,"minecraft:mangrove_propagule":1}},"DataVersion":3953}