{"stats":{"minecraft:picked_up":{"minecraft:feather":1,"minecraft:arrow":1,"minecraft:sand":10},"minecraft:mined":{"minecraft:sand":10},"minecraft:killed_by":{"minecraft:husk":1,"minecraft:skeleton":1,"minecraft:player":1},"minecraft:custom":{"minecraft:time_since_rest":7497,"minecraft:deaths":3,"minecraft:play_time":13936,"minecraft:sprint_one_cm":6073,"minecraft:damage_taken":863,"minecraft:walk_one_cm":8850,"minecraft:sneak_time":6,"minecraft:walk_under_water_one_cm":5247,"minecraft:mob_kills":1,"minecraft:jump":68,"minecraft:damage_dealt":256,"minecraft:leave_game":7,"minecraft:walk_on_water_one_cm":1191,"minecraft:time_since_death":7423,"minecraft:total_world_time":13936,"minecraft:fall_one_cm":1484,"minecraft:fly_one_cm":7711},"minecraft:used":{"minecraft:sand":5}},"DataVersion":3953}