{"stats":{"minecraft:killed":{"minecraft:pig":1,"minecraft:spider":1,"minecraft:sheep":3,"minecraft:skeleton":1,"minecraft:zombie":4,"minecraft:chicken":1},"minecraft:picked_up":{"minecraft:crafting_table":1,"minecraft:feather":2,"minecraft:chicken":1,"minecraft:oak_log":10,"minecraft:string":2,"minecraft:dirt":5,"minecraft:bone":1,"minecraft:acacia_planks":12,"minecraft:diamond_leggings":1,"minecraft:wheat_seeds":7,"minecraft:beef":3,"minecraft:netherite_axe":1,"minecraft:diamond_helmet":1,"minecraft:sugar_cane":27,"minecraft:stick":2,"minecraft:pumpkin":9,"minecraft:acacia_log":11,"minecraft:porkchop":1,"minecraft:diorite":1,"minecraft:white_bed":3,"minecraft:diamond_chestplate":1,"minecraft:rotten_flesh":4,"minecraft:diamond_boots":1,"minecraft:golden_apple":64,"minecraft:mutton":15,"minecraft:coal":7,"minecraft:white_wool":7,"minecraft:cobblestone":16,"minecraft:diamond_pickaxe":1},"minecraft:killed_by":{"minecraft:creeper":1},"minecraft:mined":{"minecraft:acacia_leaves":2,"minecraft:white_bed":3,"minecraft:crafting_table":1,"minecraft:short_grass":67,"minecraft:acacia_log":14,"minecraft:grass_block":5,"minecraft:tall_grass":1,"minecraft:sugar_cane":10,"minecraft:diorite":1,"minecraft:seagrass":6,"minecraft:tall_seagrass":7,"minecraft:pumpkin":10,"minecraft:oak_log":10,"minecraft:coal_ore":7,"minecraft:sand":1,"minecraft:stone":19,"minecraft:oak_leaves":6},"minecraft:custom":{"minecraft:interact_with_furnace":4,"minecraft:mob_kills":12,"minecraft:interact_with_crafting_table":5,"minecraft:leave_game":2,"minecraft:time_since_death":17950,"minecraft:sleep_in_bed":1,"minecraft:time_since_rest":12392,"minecraft:sprint_one_cm":75091,"minecraft:damage_absorbed":40,"minecraft:damage_taken":638,"minecraft:walk_one_cm":37779,"minecraft:drop":4,"minecraft:damage_dealt":1957,"minecraft:swim_one_cm":16318,"minecraft:fly_one_cm":102904,"minecraft:crouch_one_cm":222,"minecraft:play_time":24054,"minecraft:deaths":1,"minecraft:sneak_time":119,"minecraft:walk_under_water_one_cm":160,"minecraft:jump":477,"minecraft:walk_on_water_one_cm":7400,"minecraft:total_world_time":24054,"minecraft:fall_one_cm":14448},"minecraft:dropped":{"minecraft:wheat_seeds":7,"minecraft:white_bed":1,"minecraft:string":2},"minecraft:used":{"minecraft:cooked_mutton":1,"minecraft:diorite":1,"minecraft:diamond_boots":1,"minecraft:acacia_log":3,"minecraft:cooked_chicken":1,"minecraft:rotten_flesh":4,"minecraft:golden_apple":2,"minecraft:dirt":1,"minecraft:crafting_table":2,"minecraft:diamond_helmet":1,"minecraft:white_bed":3,"minecraft:diamond_pickaxe":32,"minecraft:netherite_axe":182,"minecraft:diamond_chestplate":1,"minecraft:cobblestone":1,"minecraft:furnace":1,"minecraft:pumpkin":1,"minecraft:diamond_leggings":1},"minecraft:crafted":{"minecraft:crafting_table":1,"minecraft:cooked_chicken":1,"minecraft:furnace":1,"minecraft:cooked_mutton":5,"minecraft:white_bed":2,"minecraft:acacia_planks":12}},"DataVersion":3953}