{"stats":{"minecraft:picked_up":{"minecraft:sand":66,"minecraft:mangrove_roots":6,"minecraft:mangrove_propagule":2,"minecraft:moss_carpet":3},"minecraft:killed_by":{"minecraft:husk":2},"minecraft:mined":{"minecraft:short_grass":1,"minecraft:dead_bush":2,"minecraft:sand":57,"minecraft:mangrove_roots":6,"minecraft:moss_carpet":1,"minecraft:mangrove_propagule":1},"minecraft:custom":{"minecraft:time_since_rest":4373,"minecraft:crouch_one_cm":360,"minecraft:walk_one_cm":46066,"minecraft:play_time":34790,"minecraft:sprint_one_cm":13182,"minecraft:damage_taken":886,"minecraft:deaths":3,"minecraft:sneak_time":255,"minecraft:walk_under_water_one_cm":5725,"minecraft:jump":283,"minecraft:damage_dealt":323,"minecraft:leave_game":4,"minecraft:walk_on_water_one_cm":9192,"minecraft:time_since_death":4312,"minecraft:total_world_time":34790,"minecraft:swim_one_cm":25244,"minecraft:fall_one_cm":9169,"minecraft:fly_one_cm":5931,"minecraft:player_kills":1},"minecraft:used":{"minecraft:sand":59,"minecraft:mangrove_propagule":1}},"DataVersion":3953}