{"stats":{"minecraft:killed":{"minecraft:tropical_fish":2},"minecraft:picked_up":{"minecraft:bone":3,"minecraft:arrow":5,"minecraft:tropical_fish":2,"minecraft:sand":85,"minecraft:mangrove_roots":11,"minecraft:mangrove_propagule":2,"minecraft:moss_carpet":3},"minecraft:killed_by":{"minecraft:husk":4,"minecraft:skeleton":1,"minecraft:zombie":1,"minecraft:enderman":1},"minecraft:mined":{"minecraft:short_grass":1,"minecraft:vine":1,"minecraft:dead_bush":2,"minecraft:sand":79,"minecraft:lily_pad":1,"minecraft:mangrove_roots":11,"minecraft:moss_carpet":1,"minecraft:mangrove_propagule":2},"minecraft:custom":{"minecraft:time_since_rest":8595,"minecraft:crouch_one_cm":456,"minecraft:walk_one_cm":87827,"minecraft:play_time":58326,"minecraft:sprint_one_cm":31066,"minecraft:damage_taken":2201,"minecraft:deaths":8,"minecraft:sneak_time":367,"minecraft:walk_under_water_one_cm":17124,"minecraft:mob_kills":2,"minecraft:jump":516,"minecraft:damage_dealt":696,"minecraft:leave_game":5,"minecraft:walk_on_water_one_cm":28281,"minecraft:time_since_death":8544,"minecraft:climb_one_cm":188,"minecraft:total_world_time":58326,"minecraft:swim_one_cm":104490,"minecraft:fall_one_cm":13213,"minecraft:fly_one_cm":18812,"minecraft:player_kills":1},"minecraft:used":{"minecraft:sand":69,"minecraft:tropical_fish":2,"minecraft:mangrove_propagule":1}},"DataVersion":3953}