{"stats":{"minecraft:picked_up":{"minecraft:sand":60},"minecraft:mined":{"minecraft:dead_bush":1,"minecraft:sand":43},"minecraft:custom":{"minecraft:jump":187,"minecraft:time_since_rest":16654,"minecraft:deaths":1,"minecraft:damage_taken":426,"minecraft:damage_dealt":263,"minecraft:crouch_one_cm":138,"minecraft:leave_game":4,"minecraft:sprint_one_cm":134,"minecraft:play_time":22790,"minecraft:time_since_death":16588,"minecraft:walk_on_water_one_cm":3283,"minecraft:walk_one_cm":20684,"minecraft:sneak_time":68,"minecraft:total_world_time":22790,"minecraft:walk_under_water_one_cm":5256,"minecraft:swim_one_cm":558,"minecraft:fall_one_cm":5925,"minecraft:fly_one_cm":685,"minecraft:player_kills":1},"minecraft:used":{"minecraft:sand":56}},"DataVersion":3953}