{"stats":{"minecraft:killed":{"minecraft:sheep":2,"minecraft:skeleton":1,"minecraft:zombie":4,"minecraft:chicken":1,"minecraft:spider":1},"minecraft:picked_up":{"minecraft:chicken":1,"minecraft:feather":2,"minecraft:acacia_log":11,"minecraft:white_bed":2,"minecraft:string":2,"minecraft:acacia_planks":12,"minecraft:bone":1,"minecraft:rotten_flesh":4,"minecraft:diamond_chestplate":1,"minecraft:wheat_seeds":4,"minecraft:diamond_leggings":1,"minecraft:diamond_boots":1,"minecraft:golden_apple":64,"minecraft:netherite_axe":1,"minecraft:diamond_helmet":1,"minecraft:sugar_cane":27,"minecraft:mutton":2,"minecraft:white_wool":6,"minecraft:diamond_pickaxe":1},"minecraft:killed_by":{"minecraft:creeper":1},"minecraft:mined":{"minecraft:seagrass":6,"minecraft:tall_seagrass":7,"minecraft:acacia_leaves":2,"minecraft:white_bed":2,"minecraft:short_grass":38,"minecraft:acacia_log":14,"minecraft:sand":1,"minecraft:tall_grass":1,"minecraft:stone":1,"minecraft:sugar_cane":10},"minecraft:custom":{"minecraft:time_since_rest":748,"minecraft:sprint_one_cm":38679,"minecraft:damage_taken":598,"minecraft:walk_one_cm":24971,"minecraft:damage_absorbed":40,"minecraft:mob_kills":10,"minecraft:drop":3,"minecraft:damage_dealt":1772,"minecraft:swim_one_cm":16318,"minecraft:interact_with_crafting_table":2,"minecraft:fly_one_cm":51060,"minecraft:crouch_one_cm":114,"minecraft:play_time":12410,"minecraft:deaths":1,"minecraft:sneak_time":69,"minecraft:walk_under_water_one_cm":160,"minecraft:jump":204,"minecraft:leave_game":1,"minecraft:walk_on_water_one_cm":7400,"minecraft:time_since_death":6306,"minecraft:sleep_in_bed":1,"minecraft:total_world_time":12410,"minecraft:fall_one_cm":4998},"minecraft:dropped":{"minecraft:wheat_seeds":4,"minecraft:white_bed":1,"minecraft:string":2},"minecraft:used":{"minecraft:diamond_pickaxe":1,"minecraft:diamond_boots":1,"minecraft:acacia_log":3,"minecraft:netherite_axe":139,"minecraft:rotten_flesh":4,"minecraft:diamond_chestplate":1,"minecraft:golden_apple":2,"minecraft:crafting_table":1,"minecraft:white_bed":3,"minecraft:diamond_helmet":1,"minecraft:diamond_leggings":1},"minecraft:crafted":{"minecraft:crafting_table":1,"minecraft:white_bed":2,"minecraft:acacia_planks":12}},"DataVersion":3953}