{"stats":{"minecraft:picked_up":{"minecraft:sand":37},"minecraft:mined":{"minecraft:dead_bush":1,"minecraft:sand":18},"minecraft:custom":{"minecraft:jump":139,"minecraft:time_since_rest":4654,"minecraft:deaths":1,"minecraft:damage_taken":346,"minecraft:damage_dealt":263,"minecraft:crouch_one_cm":138,"minecraft:leave_game":4,"minecraft:sprint_one_cm":134,"minecraft:play_time":10790,"minecraft:time_since_death":4588,"minecraft:walk_on_water_one_cm":3283,"minecraft:walk_one_cm":16440,"minecraft:sneak_time":68,"minecraft:total_world_time":10790,"minecraft:walk_under_water_one_cm":5256,"minecraft:swim_one_cm":558,"minecraft:fall_one_cm":5147,"minecraft:fly_one_cm":524,"minecraft:player_kills":1},"minecraft:used":{"minecraft:sand":19}},"DataVersion":3953}