{"stats":{"minecraft:killed":{"minecraft:skeleton":1,"minecraft:husk":1,"minecraft:chicken":1},"minecraft:picked_up":{"minecraft:arrow":1,"minecraft:bone":1,"minecraft:feather":1,"minecraft:chicken":2,"minecraft:rotten_flesh":2},"minecraft:killed_by":{"minecraft:husk":1,"minecraft:skeleton":2},"minecraft:custom":{"minecraft:time_since_rest":1725,"minecraft:crouch_one_cm":505,"minecraft:deaths":3,"minecraft:sprint_one_cm":6303,"minecraft:play_time":4146,"minecraft:damage_taken":1007,"minecraft:walk_one_cm":11013,"minecraft:sneak_time":139,"minecraft:mob_kills":3,"minecraft:jump":67,"minecraft:damage_dealt":402,"minecraft:leave_game":3,"minecraft:time_since_death":1669,"minecraft:walk_on_water_one_cm":48,"minecraft:total_world_time":4146,"minecraft:fall_one_cm":1085,"minecraft:fly_one_cm":8544}},"DataVersion":3953}