{"stats":{"minecraft:broken":{"minecraft:iron_shovel":1,"minecraft:stone_sword":1,"aether:iron_gloves":1,"minecraft:stone_axe":2,"minecraft:iron_sword":1,"minecraft:iron_helmet":1,"aether:leather_gloves":1},"minecraft:killed_by":{"iceandfire:cyclops":2,"enemyexpansion:botfly":1,"minecraft:zombie":2,"iceandfire:fire_dragon":11},"minecraft:used":{"minecraft:oak_fence":2,"minecraft:stripped_acacia_wood":1,"minecraft:rose_bush":1,"minecraft:stone_sword":152,"minecraft:iron_shovel":265,"minecraft:poppy":1,"minecraft:spruce_planks":1,"minecraft:iron_sword":608,"minecraft:stripped_birch_wood":1,"minecraft:stone_hoe":83,"minecraft:oak_door":1,"minecraft:torch":5,"minecraft:dirt":202,"minecraft:allium":1,"minecraft:iron_axe":11,"minecraft:oak_stairs":1,"iceandfire:armor_bronze_leggings":1,"minecraft:iron_boots":1,"minecraft:stone_brick_stairs":1,"minecraft:furnace":1,"tombstone:gift":6,"minecraft:iron_leggings":3,"iceandfire:armor_bronze_boots":1,"minecraft:water_bucket":1,"minecraft:leather_leggings":1,"minecraft:cobblestone_stairs":1,"minecraft:end_stone_bricks":2,"minecraft:stone_pickaxe":126,"minecraft:baked_potato":2,"minecraft:oak_planks":46,"minecraft:wooden_pickaxe":33,"minecraft:leather_chestplate":1,"minecraft:leather_boots":1,"minecraft:white_wool":1,"minecraft:sand":2,"minecraft:crafting_table":8,"minecraft:white_bed":1,"iceandfire:armor_bronze_chestplate":1,"sophisticatedbackpacks:backpack":2,"minecraft:dark_oak_log":1,"minecraft:iron_pickaxe":54,"minecraft:bread":61,"minecraft:brown_wool":2,"minecraft:leather_helmet":1,"minecraft:stone_axe":187,"minecraft:cobblestone":8,"minecraft:purple_bed":3,"minecraft:andesite":11,"minecraft:bucket":2,"quark:oak_chest":1,"minecraft:yellow_bed":6,"alexsmobs:animal_dictionary":1,"minecraft:dandelion":1,"minecraft:cobweb":4,"minecraft:experience_bottle":1,"minecraft:chainmail_leggings":4},"minecraft:crafted":{"minecraft:oak_planks":156,"iceandfire:dragon_stick":1,"minecraft:furnace":1,"sophisticatedbackpacks:crafting_upgrade":1,"minecraft:stone_pickaxe":2,"iceandfire:armor_bronze_chestplate":1,"minecraft:stone_hoe":1,"sophisticatedbackpacks:iron_backpack":1,"minecraft:wheat":243,"sophisticatedbackpacks:backpack":1,"minecraft:crafting_table":6,"iceandfire:armor_bronze_boots":1,"minecraft:wooden_pickaxe":2,"minecraft:baked_potato":8,"minecraft:iron_sword":1,"minecraft:bucket":1,"minecraft:stone_axe":3,"sophisticatedbackpacks:upgrade_base":1,"minecraft:bread":81,"minecraft:air":0,"minecraft:stick":28,"quark:oak_chest":2,"minecraft:iron_pickaxe":1,"minecraft:stone_sword":3,"minecraft:white_bed":1,"iceandfire:armor_bronze_leggings":1,"minecraft:torch":4},"minecraft:picked_up":{"minecraft:end_stone_bricks":2,"luminousworld:groundpebbles_1":7,"minecraft:crafting_table":3,"minecraft:allium":1,"iceandfire:witherbone":2,"minecraft:clay_ball":8,"minecraft:anvil":1,"minecraft:oak_stairs":1,"minecraft:stone_brick_stairs":1,"iceandfire:manuscript":3,"minecraft:string":13,"minecraft:iron_leggings":1,"minecraft:experience_bottle":1,"minecraft:gold_nugget":73,"minecraft:spruce_planks":3,"minecraft:beef":14,"minecraft:rose_bush":1,"minecraft:observer":1,"minecraft:poppy":1,"minecraft:sugar_cane":8,"minecraft:chest":6,"minecraft:iron_boots":1,"minecraft:raw_iron":1,"iceandfire:dragonbone":10,"luminousworld:blue_petunias":2,"minecraft:oak_door":1,"minecraft:oak_fence":2,"minecraft:torch":2,"sophisticatedbackpacks:backpack":2,"tombstone:grave_dust":2,"born_in_chaos_v1:pieceofdarkmetal":4,"luminousworld:grassflowers":4,"minecraft:stone_sword":1,"iceandfire:cyclops_eye":1,"minecraft:rotten_flesh":23,"luminousworld:yellow_grassflowers":1,"iceandfire:chared_dirt":2,"minecraft:hay_block":74,"iceandfire:fire_dragon_heart":1,"minecraft:gold_ingot":4,"minecraft:stripped_birch_wood":8,"minecraft:obsidian":5,"minecraft:mutton":9,"minecraft:bone_block":3,"minecraft:white_wool":5,"minecraft:cobblestone":111,"minecraft:oxeye_daisy":1,"born_in_chaos_v1:corpse_maggot":8,"minecraft:feather":2,"minecraft:andesite":23,"minecraft:brown_wool":2,"minecraft:leather":13,"minecraft:oak_log":39,"minecraft:yellow_bed":6,"minecraft:cobblestone_stairs":1,"iceandfire:dragonscales_bronze":23,"minecraft:dirt":311,"minecraft:bone":7,"minecraft:wheat_seeds":18,"minecraft:iron_ingot":20,"minecraft:cobweb":4,"iceandfire:fire_dragon_flesh":2,"minecraft:iron_sword":8,"minecraft:oak_planks":28,"enemyexpansion:phantom_eye":1,"born_in_chaos_v1:ethereal_spirit":3,"minecraft:dandelion":1,"minecraft:stripped_acacia_wood":2,"iceandfire:dragon_skull_fire":1,"minecraft:sand":2,"minecraft:spruce_sapling":4,"minecraft:dark_oak_log":1,"minecraft:bundle":1,"minecraft:purple_bed":3,"minecraft:stone_axe":1,"minecraft:chainmail_leggings":1,"minecraft:bread":22,"minecraft:emerald":1,"minecraft:coal":34,"minecraft:hopper":1},"minecraft:dropped":{"minecraft:bread":10,"minecraft:iron_sword":7,"minecraft:wheat_seeds":19,"iceandfire:chared_dirt":2,"minecraft:feather":2,"minecraft:yellow_carpet":1,"minecraft:oxeye_daisy":1,"minecraft:dirt":10,"tombstone:grave_key":1,"minecraft:iron_leggings":2,"minecraft:string":5,"minecraft:stone_axe":1,"minecraft:stone_sword":1,"minecraft:rotten_flesh":21,"minecraft:clay_ball":8,"minecraft:iron_boots":1,"luminousworld:yellow_grassflowers":1,"supplementaries:ash":1,"luminousworld:grassflowers":5,"minecraft:iron_chestplate":1,"luminousworld:groundpebbles_1":9,"minecraft:andesite":1,"minecraft:leather_leggings":1,"luminousworld:blue_petunias":2,"minecraft:wooden_pickaxe":2,"iceandfire:manuscript":3},"minecraft:custom":{"minecraft:mob_kills":76,"minecraft:interact_with_crafting_table":29,"minecraft:leave_game":10,"minecraft:time_since_death":1526,"minecraft:climb_one_cm":2588,"minecraft:sprint_one_cm":339321,"minecraft:walk_one_cm":438423,"minecraft:drop":73,"minecraft:talked_to_villager":15,"minecraft:play_time":289185,"minecraft:deaths":22,"minecraft:sneak_time":16237,"minecraft:walk_under_water_one_cm":2265,"minecraft:jump":4202,"minecraft:walk_on_water_one_cm":20591,"minecraft:total_world_time":289185,"minecraft:interact_with_furnace":8,"tombstone:raider_killed":2,"minecraft:sleep_in_bed":16,"minecraft:time_since_rest":1,"minecraft:damage_taken":9149,"minecraft:damage_dealt":18243,"minecraft:swim_one_cm":13900,"minecraft:fly_one_cm":931422,"minecraft:open_chest":43,"minecraft:crouch_one_cm":25848,"tombstone:undead_killed":35,"minecraft:fall_one_cm":121320},"minecraft:killed":{"alexsmobs:raccoon":1,"minecraft:spider":1,"alexsmobs:seagull":2,"born_in_chaos_v1:zombie_bruiser":2,"born_in_chaos_v1:scarlet_persecutor":3,"born_in_chaos_v1:maggot":5,"minecraft:phantom":2,"minecraft:skeleton":3,"minecraft:horse":2,"iceandfire:fire_dragon":1,"takesapillage:clay_golem":1,"undead_revamp2:thebidy":1,"undead_revamp2:sucker":4,"friendsandfoes:copper_golem":1,"born_in_chaos_v1:fallen_chaos_knight":1,"iceandfire:cyclops":1,"born_in_chaos_v1:baby_skeleton":1,"born_in_chaos_v1:swarmer":1,"minecraft:iron_golem":1,"enemyexpansion:sprinter":1,"earthmobsmod:wooly_cow":2,"born_in_chaos_v1:decrepit_skeleton":1,"minecraft:sheep":1,"born_in_chaos_v1:bloody_gadfly":1,"minecraft:zombie":13,"born_in_chaos_v1:corpse_fly":2,"enemyexpansion:botfly":8,"minecraft:wither_skeleton":5,"minecraft:cow":4},"minecraft:mined":{"luminousworld:groundpebbles_1":1,"minecraft:spruce_planks":7,"minecraft:dark_oak_leaves":1,"minecraft:cobblestone_stairs":1,"luminousworld:mossbuds_1":1,"minecraft:grass_block":141,"minecraft:yellow_carpet":1,"luminousworld:grassvariant_2":7,"iceandfire:chared_dirt":2,"minecraft:spruce_leaves":4,"minecraft:hopper":1,"minecraft:oxeye_daisy":1,"minecraft:spawner":1,"minecraft:large_fern":2,"minecraft:hay_block":74,"minecraft:iron_ore":1,"minecraft:fire":21,"minecraft:andesite":23,"luminousworld:mossbuds_3":1,"minecraft:anvil":1,"minecraft:dirt_path":2,"minecraft:oak_stairs":1,"minecraft:end_stone_bricks":3,"minecraft:stone":107,"minecraft:bone_block":4,"sophisticatedbackpacks:backpack":2,"minecraft:spruce_slab":1,"minecraft:glass_pane":2,"minecraft:observer":1,"minecraft:clay":1,"minecraft:oak_fence":2,"minecraft:crafting_table":3,"minecraft:torch":1,"minecraft:chest":6,"minecraft:rose_bush":1,"luminousworld:grassflowers":1,"minecraft:tall_grass":9,"minecraft:cobblestone":4,"minecraft:oak_planks":30,"minecraft:sugar_cane":5,"placeablesmod:bread_full_block":4,"minecraft:wall_torch":1,"minecraft:seagrass":1,"minecraft:purple_bed":3,"minecraft:wheat":2,"minecraft:yellow_bed":6,"minecraft:stone_brick_stairs":1,"minecraft:grass":44,"minecraft:oak_log":39,"minecraft:coal_ore":33,"minecraft:dirt":180,"minecraft:sand":2,"luminousworld:grassvariant_3":5,"minecraft:stripped_birch_wood":8,"minecraft:cobweb":13,"minecraft:stripped_acacia_wood":2}},"DataVersion":3465}