{"stats":{"minecraft:custom":{"minecraft:jump":46,"minecraft:time_since_rest":15357,"minecraft:damage_taken":20,"minecraft:leave_game":6,"minecraft:crouch_one_cm":421,"minecraft:play_time":15357,"minecraft:sprint_one_cm":8589,"minecraft:time_since_death":15357,"minecraft:walk_one_cm":35506,"minecraft:sneak_time":298,"minecraft:total_world_time":15357,"minecraft:fall_one_cm":822,"minecraft:drop":2,"minecraft:fly_one_cm":14347},"minecraft:used":{"alexsmobs:animal_dictionary":1},"minecraft:picked_up":{"minecraft:stick":1,"minecraft:oak_log":5,"minecraft:oak_sapling":3},"minecraft:mined":{"minecraft:oak_log":5,"minecraft:oak_leaves":53},"minecraft:dropped":{"minecraft:oak_sapling":2}},"DataVersion":3465}