{"stats":{"minecraft:crafted":{"minecraft:oak_planks":40,"minecraft:crafting_table":2,"minecraft:wooden_pickaxe":2,"minecraft:baked_potato":8,"minecraft:furnace":1,"minecraft:stone_axe":2,"minecraft:air":0,"minecraft:stick":16,"quark:oak_chest":1,"minecraft:stone_pickaxe":2,"minecraft:stone_sword":2,"minecraft:torch":4},"minecraft:mined":{"minecraft:glass_pane":1,"minecraft:dark_oak_leaves":1,"luminousworld:mossbuds_1":1,"minecraft:crafting_table":2,"minecraft:torch":1,"minecraft:grass_block":13,"minecraft:cobblestone":4,"minecraft:spruce_leaves":4,"minecraft:oak_planks":4,"minecraft:sugar_cane":5,"placeablesmod:bread_full_block":1,"minecraft:wall_torch":1,"minecraft:large_fern":2,"minecraft:seagrass":1,"minecraft:purple_bed":3,"minecraft:iron_ore":1,"minecraft:fire":7,"minecraft:andesite":23,"luminousworld:mossbuds_3":1,"minecraft:grass":2,"minecraft:coal_ore":18,"minecraft:oak_log":10,"minecraft:oak_stairs":1,"minecraft:sand":2,"minecraft:dirt":34,"minecraft:stone":67},"minecraft:used":{"minecraft:leather_leggings":1,"minecraft:stone_sword":49,"minecraft:stone_pickaxe":98,"minecraft:baked_potato":2,"minecraft:oak_planks":3,"minecraft:leather_chestplate":1,"minecraft:wooden_pickaxe":33,"minecraft:iron_sword":19,"minecraft:leather_boots":1,"minecraft:torch":5,"minecraft:dirt":25,"minecraft:sand":2,"minecraft:crafting_table":3,"minecraft:allium":1,"minecraft:dark_oak_log":1,"minecraft:oak_stairs":1,"minecraft:bread":18,"minecraft:leather_helmet":1,"minecraft:stone_axe":11,"minecraft:cobblestone":4,"minecraft:purple_bed":3,"minecraft:furnace":1,"minecraft:andesite":11,"tombstone:gift":2,"quark:oak_chest":1,"alexsmobs:animal_dictionary":1},"minecraft:picked_up":{"born_in_chaos_v1:corpse_maggot":2,"minecraft:crafting_table":2,"minecraft:allium":1,"minecraft:clay_ball":4,"minecraft:andesite":23,"minecraft:oak_stairs":1,"minecraft:oak_log":10,"minecraft:dirt":45,"minecraft:bone":1,"minecraft:sugar_cane":8,"minecraft:oak_planks":4,"minecraft:iron_sword":2,"minecraft:raw_iron":1,"minecraft:torch":2,"minecraft:sand":2,"tombstone:grave_dust":1,"minecraft:spruce_sapling":4,"minecraft:dark_oak_log":1,"minecraft:purple_bed":3,"minecraft:rotten_flesh":3,"minecraft:bread":1,"minecraft:mutton":2,"minecraft:coal":18,"minecraft:white_wool":1,"minecraft:cobblestone":71},"minecraft:dropped":{"minecraft:iron_sword":2,"minecraft:rotten_flesh":1,"minecraft:clay_ball":4,"minecraft:andesite":1,"minecraft:wooden_pickaxe":2},"minecraft:killed":{"born_in_chaos_v1:maggot":1,"minecraft:sheep":1,"minecraft:skeleton":2,"born_in_chaos_v1:bloody_gadfly":1,"minecraft:zombie":2,"takesapillage:clay_golem":1},"minecraft:custom":{"minecraft:interact_with_furnace":5,"minecraft:mob_kills":8,"minecraft:interact_with_crafting_table":9,"minecraft:leave_game":2,"minecraft:time_since_death":10893,"minecraft:sleep_in_bed":5,"minecraft:climb_one_cm":631,"minecraft:time_since_rest":4370,"minecraft:sprint_one_cm":98422,"minecraft:damage_taken":1216,"minecraft:walk_one_cm":104752,"minecraft:drop":10,"minecraft:damage_dealt":1639,"minecraft:swim_one_cm":4906,"minecraft:talked_to_villager":14,"minecraft:fly_one_cm":190477,"minecraft:open_chest":24,"minecraft:crouch_one_cm":5779,"minecraft:play_time":107066,"tombstone:undead_killed":4,"minecraft:deaths":1,"minecraft:sneak_time":3925,"minecraft:walk_under_water_one_cm":1155,"minecraft:jump":994,"minecraft:walk_on_water_one_cm":15252,"minecraft:total_world_time":107066,"minecraft:fall_one_cm":25681}},"DataVersion":3465}