{"stats":{"minecraft:killed":{"minecraft:sheep":5,"minecraft:horse":1,"minecraft:zombie":1,"minecraft:chicken":1,"minecraft:spider":1},"minecraft:picked_up":{"minecraft:stick":1,"minecraft:crafting_table":1,"minecraft:feather":1,"minecraft:chicken":1,"minecraft:brown_wool":1,"minecraft:oak_log":16,"minecraft:dirt":13,"minecraft:string":1,"minecraft:rotten_flesh":2,"minecraft:oak_sapling":3,"minecraft:mutton":7,"minecraft:white_wool":4,"minecraft:cobblestone":43,"minecraft:egg":5},"minecraft:custom":{"minecraft:time_since_rest":46185,"minecraft:sprint_one_cm":36069,"minecraft:damage_taken":50,"minecraft:walk_one_cm":170814,"minecraft:mob_kills":9,"minecraft:drop":6,"minecraft:damage_dealt":1360,"minecraft:interact_with_crafting_table":2,"minecraft:fly_one_cm":45603,"minecraft:crouch_one_cm":2754,"minecraft:play_time":46185,"minecraft:sneak_time":982,"minecraft:jump":168,"minecraft:leave_game":10,"minecraft:time_since_death":46185,"minecraft:total_world_time":46185,"minecraft:fall_one_cm":2403},"minecraft:mined":{"minecraft:crafting_table":1,"minecraft:grass":2,"minecraft:grass_block":3,"minecraft:oak_log":16,"minecraft:dirt":10,"minecraft:stone":43,"minecraft:oak_leaves":54},"minecraft:used":{"minecraft:stone_sword":19,"minecraft:stone_pickaxe":2,"minecraft:brown_wool":1,"minecraft:wooden_pickaxe":46,"minecraft:stone_axe":21,"minecraft:dirt":5,"minecraft:crafting_table":2,"minecraft:oak_sapling":1,"alexsmobs:animal_dictionary":1,"minecraft:egg":5},"minecraft:crafted":{"minecraft:oak_planks":20,"minecraft:crafting_table":2,"minecraft:stick":8,"minecraft:wooden_pickaxe":1,"minecraft:stone_pickaxe":1,"minecraft:stone_sword":1,"minecraft:stone_axe":1},"minecraft:dropped":{"minecraft:oak_sapling":2,"minecraft:feather":1,"minecraft:rotten_flesh":2,"minecraft:wooden_pickaxe":1,"minecraft:string":1}},"DataVersion":3465}