{"stats":{"minecraft:broken":{"aether:leather_gloves":1},"minecraft:killed_by":{"enemyexpansion:botfly":1,"minecraft:zombie":2},"minecraft:used":{"minecraft:leather_leggings":1,"minecraft:stone_sword":133,"minecraft:stone_pickaxe":98,"minecraft:baked_potato":2,"minecraft:oak_planks":6,"minecraft:wooden_pickaxe":33,"minecraft:leather_chestplate":1,"minecraft:iron_sword":19,"minecraft:leather_boots":1,"minecraft:torch":5,"minecraft:dirt":28,"minecraft:sand":2,"minecraft:crafting_table":3,"minecraft:allium":1,"minecraft:dark_oak_log":1,"minecraft:oak_stairs":1,"minecraft:bread":18,"minecraft:leather_helmet":1,"minecraft:stone_axe":15,"minecraft:cobblestone":5,"minecraft:purple_bed":3,"minecraft:furnace":1,"minecraft:andesite":11,"tombstone:gift":4,"quark:oak_chest":1,"alexsmobs:animal_dictionary":1,"minecraft:chainmail_leggings":1},"minecraft:crafted":{"minecraft:oak_planks":40,"minecraft:crafting_table":2,"minecraft:wooden_pickaxe":2,"minecraft:baked_potato":8,"minecraft:furnace":1,"minecraft:stone_axe":2,"minecraft:air":0,"minecraft:stick":16,"quark:oak_chest":1,"minecraft:stone_pickaxe":2,"minecraft:stone_sword":2,"minecraft:torch":4},"minecraft:picked_up":{"born_in_chaos_v1:corpse_maggot":4,"minecraft:crafting_table":2,"minecraft:allium":1,"minecraft:clay_ball":4,"minecraft:andesite":23,"minecraft:oak_stairs":1,"minecraft:oak_log":10,"minecraft:string":1,"minecraft:dirt":46,"minecraft:bone":1,"minecraft:wheat_seeds":2,"minecraft:sugar_cane":8,"minecraft:oak_planks":7,"minecraft:iron_sword":2,"minecraft:raw_iron":1,"minecraft:torch":2,"minecraft:sand":2,"tombstone:grave_dust":1,"minecraft:spruce_sapling":4,"minecraft:dark_oak_log":1,"minecraft:bundle":1,"minecraft:purple_bed":3,"minecraft:rotten_flesh":8,"minecraft:chainmail_leggings":1,"minecraft:bread":1,"minecraft:mutton":2,"minecraft:coal":18,"minecraft:white_wool":1,"minecraft:cobblestone":71},"minecraft:dropped":{"minecraft:iron_sword":2,"minecraft:wheat_seeds":2,"minecraft:rotten_flesh":6,"minecraft:clay_ball":4,"minecraft:yellow_carpet":1,"tombstone:grave_key":1,"minecraft:andesite":1,"minecraft:leather_leggings":1,"minecraft:wooden_pickaxe":2},"minecraft:custom":{"minecraft:interact_with_furnace":5,"minecraft:mob_kills":25,"minecraft:interact_with_crafting_table":9,"minecraft:leave_game":4,"minecraft:time_since_death":3529,"minecraft:sleep_in_bed":6,"minecraft:climb_one_cm":685,"minecraft:time_since_rest":3259,"minecraft:sprint_one_cm":110821,"minecraft:damage_taken":2247,"minecraft:walk_one_cm":135026,"minecraft:drop":20,"minecraft:damage_dealt":3535,"minecraft:swim_one_cm":4906,"minecraft:talked_to_villager":14,"minecraft:fly_one_cm":221964,"minecraft:open_chest":24,"minecraft:crouch_one_cm":8557,"minecraft:play_time":119465,"tombstone:undead_killed":11,"minecraft:deaths":5,"minecraft:sneak_time":4811,"minecraft:walk_under_water_one_cm":1155,"minecraft:jump":1158,"minecraft:walk_on_water_one_cm":15252,"minecraft:total_world_time":119465,"minecraft:fall_one_cm":31843},"minecraft:killed":{"enemyexpansion:sprinter":1,"born_in_chaos_v1:maggot":4,"minecraft:sheep":1,"minecraft:skeleton":2,"born_in_chaos_v1:bloody_gadfly":1,"minecraft:zombie":7,"takesapillage:clay_golem":1,"enemyexpansion:botfly":7,"undead_revamp2:thebidy":1},"minecraft:mined":{"minecraft:glass_pane":1,"minecraft:dark_oak_leaves":1,"luminousworld:mossbuds_1":1,"minecraft:crafting_table":2,"minecraft:torch":1,"minecraft:grass_block":13,"minecraft:yellow_carpet":1,"minecraft:cobblestone":4,"minecraft:spruce_leaves":4,"minecraft:sugar_cane":5,"minecraft:oak_planks":7,"placeablesmod:bread_full_block":1,"minecraft:wall_torch":1,"minecraft:large_fern":2,"minecraft:seagrass":1,"minecraft:purple_bed":3,"minecraft:iron_ore":1,"minecraft:wheat":2,"minecraft:fire":7,"minecraft:andesite":23,"luminousworld:mossbuds_3":1,"minecraft:grass":2,"minecraft:oak_log":10,"minecraft:coal_ore":18,"minecraft:dirt_path":1,"minecraft:oak_stairs":1,"minecraft:sand":2,"minecraft:dirt":34,"minecraft:cobweb":2,"minecraft:stone":67}},"DataVersion":3465}