{"stats":{"minecraft:used":{"minecraft:spruce_slab":2,"minecraft:poppy":1,"minecraft:chest":5,"earthmobsmod:fancy_egg":1,"minecraft:jungle_slab":2,"minecraft:allium":1,"minecraft:azure_bluet":1,"iceandfire:ghost_chest":1,"minecraft:dark_oak_slab":3,"minecraft:stone_brick_stairs":4,"supplementaries:bomb_blue":1,"minecraft:bow":9,"supplementaries:ash":7,"minecraft:furnace":3,"minecraft:diorite":1,"minecraft:leather_leggings":1,"minecraft:end_stone_bricks":4,"minecraft:leather_chestplate":1,"minecraft:wooden_pickaxe":33,"artifacts:eternal_steak":86,"naturalist:duck_egg":1,"minecraft:golden_apple":32,"minecraft:sand":2,"born_in_chaos_v1:monster_flesh":1,"minecraft:cyan_carpet":1,"minecraft:diamond_sword":120,"minecraft:oak_boat":3,"minecraft:stripped_acacia_wood":1,"minecraft:iron_bars":1,"minecraft:stone_sword":152,"tombstone:scroll_of_frost_resistance":1,"minecraft:torch":208,"minecraft:anvil":2,"tombstone:ankh_of_pray":5,"minecraft:iron_axe":89,"minecraft:polished_deepslate_wall":1,"iceandfire:armor_bronze_leggings":1,"minecraft:barrel":1,"tombstone:gift":10,"minecraft:cobbled_deepslate":5,"minecraft:water_bucket":25,"tombstone:scroll_of_reach":4,"quark:forgotten_hat":1,"minecraft:leather_boots":1,"minecraft:cracked_stone_bricks":1,"minecraft:oak_slab":7,"minecraft:crafting_table":12,"supplementaries:bomb":4,"minecraft:white_bed":11,"iceandfire:armor_bronze_chestplate":1,"minecraft:dark_prismarine":7,"minecraft:diamond_shovel":153,"minecraft:iron_pickaxe":285,"minecraft:tnt_minecart":1,"minecraft:leather_helmet":1,"tombstone:magic_scroll":17,"quark:dark_oak_chest":1,"minecraft:cobblestone":353,"minecraft:potion":3,"minecraft:purple_bed":3,"quark:oak_chest":1,"minecraft:stripped_oak_log":1,"minecraft:dandelion":3,"tombstone:scroll_of_unstable_intangibility":2,"minecraft:iron_shovel":515,"minecraft:shield":57,"minecraft:iron_sword":1151,"tombstone:scroll_of_purification":5,"minecraft:tuff":2,"sophisticatedbackpacks:diamond_backpack":1,"minecraft:stone_bricks":5,"iceandfire:armor_bronze_boots":1,"minecraft:stone_pickaxe":126,"minecraft:oak_planks":59,"minecraft:ender_pearl":1,"minecraft:diamond_axe":368,"minecraft:white_wool":2,"vanillaplustools:diamond_hammer":147,"alexscaves:cave_book":1,"minecraft:stone_brick_wall":1,"minecraft:black_bed":13,"sophisticatedbackpacks:backpack":2,"iceandfire:dragonbone_sword":913,"minecraft:firework_rocket":25,"minecraft:dark_oak_log":1,"minecraft:bread":77,"minecraft:brown_wool":2,"tombstone:grave_key":3,"minecraft:iron_door":1,"minecraft:gravel":3,"iceandfire:dragon_skull_fire":1,"minecraft:andesite":11,"minecraft:chain":1,"minecraft:cobweb":4,"minecraft:experience_bottle":2,"minecraft:oak_fence":12,"minecraft:rose_bush":1,"minecraft:spruce_planks":4,"minecraft:stripped_birch_wood":2,"minecraft:wooden_shovel":2,"minecraft:stone_hoe":83,"minecraft:oak_door":1,"minecraft:dirt":684,"tombstone:scroll_of_aquatic_life":1,"minecraft:diamond_helmet":1,"minecraft:iron_hoe":28,"minecraft:dark_oak_planks":3,"minecraft:oak_stairs":1,"minecraft:iron_boots":1,"iceandfire:dragonbone_pickaxe":287,"minecraft:iron_leggings":3,"born_in_chaos_v1:trident_hayfork":269,"tombstone:scroll_of_knowledge":1,"minecraft:cobblestone_stairs":2,"minecraft:baked_potato":2,"minecraft:cut_sandstone":4,"ecologics:walnut_sapling":1,"luminousworld:ishstone":3,"tombstone:scroll_of_feather_fall":1,"tombstone:bag_of_seeds":3,"minecraft:stone_axe":187,"minecraft:bucket":27,"minecraft:yellow_bed":6,"minecraft:pumpkin_pie":52,"alexsmobs:animal_dictionary":1,"minecraft:gray_wool":1,"minecraft:splash_potion":4,"minecraft:chainmail_leggings":4},"minecraft:custom":{"minecraft:interact_with_crafting_table":48,"minecraft:open_barrel":68,"minecraft:bell_ring":8,"minecraft:eat_cake_slice":8,"minecraft:leave_game":20,"minecraft:time_since_death":2472,"minecraft:damage_blocked_by_shield":2058,"minecraft:play_time":959221,"minecraft:deaths":66,"minecraft:jump":12383,"minecraft:interact_with_furnace":16,"minecraft:interact_with_cartography_table":1,"minecraft:sleep_in_bed":44,"minecraft:damage_dealt":90923,"tombstone:undead_killed":165,"minecraft:inspect_dispenser":1,"minecraft:horse_one_cm":2030386,"minecraft:interact_with_smithing_table":4,"minecraft:interact_with_anvil":6,"minecraft:sneak_time":34178,"minecraft:interact_with_blast_furnace":3,"minecraft:total_world_time":959221,"tombstone:raider_killed":17,"minecraft:time_since_rest":1376,"tombstone:cast_on_ally":0,"minecraft:swim_one_cm":118951,"minecraft:fly_one_cm":2653163,"minecraft:open_chest":165,"minecraft:fall_one_cm":585258,"minecraft:animals_bred":2,"minecraft:sprint_one_cm":1220386,"minecraft:drop":487,"minecraft:talked_to_villager":17,"minecraft:walk_on_water_one_cm":234493,"minecraft:crouch_one_cm":65211,"minecraft:mob_kills":314,"minecraft:damage_dealt_resisted":940,"minecraft:climb_one_cm":80925,"minecraft:walk_one_cm":1899962,"minecraft:walk_under_water_one_cm":131673,"minecraft:boat_one_cm":215235,"tombstone:exorcism":1,"minecraft:damage_taken":2147483647,"minecraft:damage_absorbed":1229,"minecraft:trigger_trapped_chest":11},"minecraft:killed":{"minecraft:cave_spider":1,"earthmobsmod:jumbo_rabbit":1,"born_in_chaos_v1:zombie_lumberjack":1,"iceandfire:gorgon":1,"enemyexpansion:equestrian":3,"naturalist:robin":1,"born_in_chaos_v1:siamese_skeletonsright":2,"undead_revamp2:theswarmer":2,"minecraft:skeleton":23,"minecraft:guardian":1,"enemyexpansion:vampflyer":1,"minecraft:iron_golem":2,"minecraft:pillager":8,"minecraft:zombie":35,"enemyexpansion:vampire":1,"born_in_chaos_v1:corpse_fly":3,"enemyexpansion:botfly":14,"born_in_chaos_v1:door_knight":1,"minecraft:cow":4,"alexsmobs:raccoon":2,"minecraft:vindicator":7,"quark:toretoise":1,"alexsmobs:seagull":2,"minecraft:horse":2,"born_in_chaos_v1:dire_hound_leader":1,"iceandfire:siren":5,"undead_revamp2:thebidy":1,"born_in_chaos_v1:barrel_zombie":2,"friendsandfoes:copper_golem":2,"minecraft:husk":29,"earthmobsmod:bouldering_zombie":1,"iceandfire:cyclops":1,"undead_revamp2:the_moonflower":5,"enemyexpansion:sprinter":5,"earthmobsmod:wooly_cow":2,"born_in_chaos_v1:decrepit_skeleton":2,"born_in_chaos_v1:bloody_gadfly":3,"iceandfire:ghost":4,"minecraft:enderman":1,"minecraft:spider":3,"undead_revamp2:thesmoker":4,"born_in_chaos_v1:scarlet_persecutor":3,"quark:forgotten":1,"naturalist:snail":1,"minecraft:bee":1,"undead_revamp2:therod":4,"artifacts:mimic":2,"minecraft:zombie_villager":1,"born_in_chaos_v1:diamond_termite":7,"minecraft:creeper":1,"minecraft:sheep":1,"cataclysm:deepling_brute":1,"born_in_chaos_v1:dread_hound":12,"born_in_chaos_v1:siamese_skeletonsleft":1,"luminousworld:sunken_skeleton":2,"enemyexpansion:direwolf":7,"born_in_chaos_v1:zombie_bruiser":3,"born_in_chaos_v1:maggot":12,"minecraft:phantom":2,"iceandfire:fire_dragon":5,"takesapillage:clay_golem":1,"minecraft:drowned":3,"born_in_chaos_v1:corpse_fish":3,"undead_revamp2:sucker":11,"alexsmobs:flying_fish":1,"born_in_chaos_v1:fallen_chaos_knight":1,"born_in_chaos_v1:baby_skeleton":2,"born_in_chaos_v1:swarmer":1,"enemyexpansion:troll":1,"minecraft:hoglin":1,"minecraft:wither_skeleton":9,"enemyexpansion:slugger":3},"minecraft:killed_by":{"undead_revamp2:the_moonflower":1,"enemyexpansion:huntsman":1,"minecraft:zombie":3,"minecraft:husk":1,"enemyexpansion:botfly":1,"iceandfire:ghost":1,"undead_revamp2:thebeartamer":1,"minecraft:wither_skeleton":1,"iceandfire:cyclops":2,"iceandfire:sea_serpent":1,"iceandfire:fire_dragon":30,"iceandfire:gorgon":9},"minecraft:broken":{"aether:golden_gloves":1,"iceandfire:armor_bronze_boots":2,"minecraft:iron_sword":3,"iceandfire:armor_bronze_helmet":2,"quark:forgotten_hat":1,"iceandfire:cyclops_eye":1,"minecraft:stone_sword":1,"aether:iron_gloves":2,"minecraft:shield":3,"minecraft:iron_helmet":2,"aether:leather_gloves":1,"minecraft:iron_shovel":2,"iceandfire:armor_bronze_leggings":3,"iceandfire:armor_bronze_chestplate":2,"minecraft:stone_axe":2},"minecraft:picked_up":{"minecraft:birch_door":5,"minecraft:iron_chestplate":2,"minecraft:chainmail_boots":1,"minecraft:anvil":3,"minecraft:prismarine_shard":7,"minecraft:lead":1,"minecraft:oak_stairs":8,"minecraft:enchanted_book":2,"minecraft:polished_deepslate_wall":1,"minecraft:golden_sword":7,"iceandfire:manuscript":8,"minecraft:polished_deepslate":3,"minecraft:string":60,"minecraft:red_nether_bricks":2,"minecraft:gold_nugget":987,"minecraft:cobbled_deepslate":11,"minecraft:spruce_planks":7,"born_in_chaos_v1:shattered_skull":1,"iceandfire:armor_bronze_chestplate":1,"minecraft:golden_chestplate":5,"minecraft:rabbit_foot":3,"luminousworld:grassflowers":4,"minecraft:stone_sword":2,"luminousworld:yellow_grassflowers":2,"iceandfire:fire_dragon_heart":5,"minecraft:iron_block":1,"supplementaries:ash":64,"minecraft:iron_bars":6,"minecraft:birch_log":1,"minecraft:feather":3,"minecraft:iron_door":1,"minecraft:brown_wool":2,"minecraft:lantern":5,"born_in_chaos_v1:marigolds":1,"minecraft:purple_carpet":2,"minecraft:honeycomb":6,"endrem:lost_eye":1,"minecraft:stripped_acacia_wood":2,"iceandfire:dragon_skull_fire":5,"iceandfire:shiny_scales":21,"minecraft:dark_oak_log":1,"naturalist:duck_egg":1,"minecraft:barrel":14,"iceandfire:chared_cobblestone":59,"minecraft:bundle":4,"minecraft:blue_terracotta":3,"luminousworld:yellowpetunias":2,"minecraft:golden_horse_armor":8,"minecraft:bread":73,"iceandfire:gorgon_head":1,"born_in_chaos_v1:rotten_fish":1,"iceandfire:raw_silver":6,"iceandfire:siren_tear":1,"luminousworld:groundpebbles_1":11,"minecraft:crafting_table":3,"iceandfire:witherbone":5,"minecraft:nether_wart":54,"minecraft:clay_ball":8,"quark:dark_oak_chest":1,"minecraft:flint_and_steel":5,"minecraft:netherite_scrap":4,"minecraft:white_carpet":2,"minecraft:iron_shovel":1,"supplementaries:bomb":3,"iceandfire:graveyard_soil":8,"minecraft:cracked_stone_bricks":3,"minecraft:cartography_table":2,"minecraft:beef":14,"minecraft:poppy":3,"minecraft:spruce_slab":2,"minecraft:chest":24,"luminousworld:blue_petunias":2,"minecraft:oak_door":1,"ecologics:stripped_walnut_log":2,"sophisticatedbackpacks:backpack":2,"minecraft:white_dye":3,"born_in_chaos_v1:pieceofdarkmetal":5,"minecraft:carrot":52,"minecraft:prismarine_crystals":13,"minecraft:tnt":1,"artifacts:everlasting_beef":1,"minecraft:beetroot_seeds":6,"minecraft:diamond_boots":2,"minecraft:hay_block":101,"minecraft:gold_ingot":53,"minecraft:mutton":9,"minecraft:white_wool":6,"minecraft:bone_block":3,"minecraft:rail":3,"minecraft:oxeye_daisy":1,"minecraft:stripped_oak_log":2,"born_in_chaos_v1:monster_flesh":6,"luminousworld:ishstone":126,"minecraft:oak_log":60,"minecraft:apple":15,"minecraft:stone_bricks":37,"minecraft:oak_fence_gate":1,"minecraft:cobweb":8,"tombstone:bag_of_seeds":2,"minecraft:glass_bottle":1,"minecraft:iron_sword":16,"minecraft:dark_oak_stairs":10,"minecraft:dark_oak_slab":2,"enemyexpansion:phantom_eye":1,"iceandfire:dragonbone_sword":9,"born_in_chaos_v1:ethereal_spirit":6,"minecraft:torchflower_seeds":2,"minecraft:gravel":3,"minecraft:spruce_sapling":4,"born_in_chaos_v1:fangofthe_hound_leader":2,"minecraft:spruce_log":2,"minecraft:diamond_shovel":1,"minecraft:purple_bed":3,"minecraft:slime_ball":7,"minecraft:stone_axe":1,"minecraft:rib_armor_trim_smithing_template":6,"minecraft:diamond_axe":5,"minecraft:gray_wool":1,"minecraft:hopper":1,"minecraft:ender_pearl":1,"minecraft:wheat":8,"illagerinvasion:platinum_chunk":4,"supplementaries:bomb_blue":1,"aether:iron_gloves":3,"earthmobsmod:fancy_egg":1,"minecraft:potion":7,"minecraft:stone_brick_stairs":4,"minecraft:raw_copper":33,"minecraft:iron_leggings":1,"minecraft:experience_bottle":2,"minecraft:red_sand":33,"minecraft:tnt_minecart":1,"minecraft:rose_bush":1,"minecraft:redstone_torch":1,"minecraft:calcite":1,"quark:black_shard":3,"minecraft:iron_pickaxe":2,"minecraft:iron_boots":2,"iceandfire:ghost_chest":3,"minecraft:oak_fence":9,"minecraft:torch":63,"ecologics:coconut_seedling":4,"minecraft:spruce_stairs":2,"minecraft:porkchop":4,"tombstone:grave_dust":24,"minecraft:diorite":42,"aether:golden_gloves":1,"minecraft:rotten_flesh":130,"ecologics:coconut_log":22,"minecraft:stripped_birch_wood":9,"minecraft:obsidian":12,"minecraft:cobblestone":1199,"ecologics:walnut":2,"minecraft:andesite":39,"minecraft:black_bed":13,"minecraft:potato":1,"minecraft:tuff":6,"supplementaries:flax_seeds":4,"minecraft:dirt":737,"iceandfire:dragonscales_bronze":72,"born_in_chaos_v1:monster_skin":5,"minecraft:bone":71,"minecraft:bow":2,"minecraft:wheat_seeds":42,"tombstone:scroll_of_reach":1,"minecraft:oak_planks":52,"minecraft:poisonous_potato":1,"minecraft:sand":24,"minecraft:jungle_slab":2,"minecraft:dark_prismarine":7,"minecraft:diamond":76,"minecraft:golden_apple":18,"minecraft:spruce_sign":3,"minecraft:emerald":18,"minecraft:oak_sapling":1,"minecraft:netherrack":6,"minecraft:chorus_fruit":9,"minecraft:end_stone_bricks":4,"minecraft:cocoa_beans":10,"minecraft:charcoal":2,"born_in_chaos_v1:diamond_termite_shard":6,"minecraft:allium":1,"minecraft:azure_bluet":1,"minecraft:splash_potion":5,"minecraft:stone_brick_wall":7,"minecraft:diamond_horse_armor":3,"minecraft:chain":2,"minecraft:iron_axe":1,"minecraft:item_frame":2,"minecraft:cyan_carpet":1,"ecologics:walnut_sapling":1,"minecraft:candle":1,"minecraft:oak_boat":3,"minecraft:observer":1,"minecraft:sugar_cane":8,"minecraft:raw_iron":3,"iceandfire:dragonbone":41,"minecraft:stripped_mangrove_wood":8,"iceandfire:dragonscales_gray":18,"ecologics:coconut_slice":6,"minecraft:copper_ingot":11,"minecraft:stone_button":22,"minecraft:cookie":20,"luminousworld:beastiary":3,"tombstone:scroll_of_purification":2,"minecraft:dark_oak_planks":9,"iceandfire:silver_ingot":1,"minecraft:arrow":17,"iceandfire:cyclops_eye":1,"minecraft:pumpkin_pie":56,"iceandfire:chared_dirt":2,"minecraft:stripped_dark_oak_wood":2,"minecraft:saddle":10,"minecraft:glistering_melon_slice":24,"minecraft:brick_stairs":1,"born_in_chaos_v1:trident_hayfork":1,"born_in_chaos_v1:fused_bone":3,"born_in_chaos_v1:corpse_maggot":19,"minecraft:golden_carrot":95,"minecraft:cut_sandstone":4,"minecraft:leather":14,"quark:smithing_template_rune":7,"minecraft:chainmail_chestplate":2,"iceandfire:ectoplasm":3,"minecraft:gunpowder":18,"minecraft:yellow_bed":6,"minecraft:cobblestone_wall":1,"minecraft:cobblestone_stairs":6,"tombstone:voodoo_poppet":2,"quark:forgotten_hat":3,"minecraft:gray_carpet":4,"minecraft:rabbit_hide":5,"minecraft:iron_ingot":38,"artifacts:whoopee_cushion":1,"iceandfire:fire_dragon_flesh":13,"sophisticatedbackpacks:diamond_backpack":1,"minecraft:book":1,"minecraft:oak_slab":3,"minecraft:pumpkin":43,"iceandfire:ash":4,"minecraft:dandelion":5,"luminousworld:sunset_petunias":1,"minecraft:white_bed":10,"minecraft:nether_brick_slab":3,"minecraft:spider_eye":3,"minecraft:brick_slab":4,"minecraft:chainmail_leggings":1,"minecraft:iron_helmet":3,"tombstone:magic_scroll":8,"minecraft:coal":93},"minecraft:crafted":{"minecraft:diamond_shovel":1,"sophisticatedbackpacks:crafting_upgrade":1,"minecraft:diamond_helmet":1,"minecraft:wooden_shovel":1,"iceandfire:armor_gray_chestplate":1,"quark:oak_chest":2,"minecraft:iron_pickaxe":1,"minecraft:gold_ingot":104,"minecraft:netherite_ingot":1,"iceandfire:dragon_flute":1,"minecraft:stone_pickaxe":2,"minecraft:wheat":243,"iceandfire:dragonbone_sword":1,"sophisticatedbackpacks:gold_backpack":1,"minecraft:golden_apple":19,"minecraft:white_bed":1,"iceandfire:armor_bronze_leggings":1,"minecraft:oak_planks":156,"minecraft:stone_hoe":1,"minecraft:oak_fence":3,"minecraft:oak_slab":6,"sophisticatedbackpacks:backpack":1,"minecraft:crafting_table":8,"minecraft:wooden_pickaxe":2,"minecraft:baked_potato":8,"sophisticatedbackpacks:upgrade_base":1,"minecraft:dark_oak_slab":6,"minecraft:shield":2,"sophisticatedbackpacks:diamond_backpack":1,"minecraft:stick":40,"minecraft:stone_sword":3,"vanillaplustools:diamond_hammer":1,"iceandfire:armor_bronze_helmet":2,"artifacts:eternal_steak":1,"iceandfire:armor_gray_leggings":1,"iceandfire:dragon_stick":1,"minecraft:furnace":2,"iceandfire:armor_bronze_chestplate":1,"sophisticatedbackpacks:iron_backpack":1,"minecraft:diamond_sword":1,"iceandfire:armor_bronze_boots":1,"minecraft:iron_sword":1,"tombstone:ankh_of_pray":1,"minecraft:bucket":2,"minecraft:stone_axe":3,"iceandfire:dragonbone_pickaxe":1,"minecraft:bread":81,"minecraft:air":0,"minecraft:gold_nugget":63,"minecraft:torch":4},"minecraft:dropped":{"minecraft:iron_sword":8,"iceandfire:raw_silver":6,"minecraft:porkchop":3,"minecraft:stripped_mangrove_wood":2,"minecraft:chorus_fruit":9,"minecraft:glass_bottle":4,"minecraft:dark_oak_slab":5,"minecraft:cookie":15,"iceandfire:ectoplasm":3,"minecraft:cracked_stone_bricks":2,"minecraft:saddle":6,"minecraft:item_frame":2,"born_in_chaos_v1:monster_flesh":5,"minecraft:dirt":11,"minecraft:stone_button":22,"minecraft:chain":1,"minecraft:gold_nugget":9,"minecraft:sand":22,"minecraft:iron_pickaxe":1,"minecraft:dark_oak_planks":3,"minecraft:bone":12,"quark:black_shard":3,"minecraft:stone_axe":1,"minecraft:golden_chestplate":5,"minecraft:cobbled_deepslate":6,"minecraft:wheat":8,"minecraft:rotten_flesh":110,"minecraft:rabbit_foot":3,"supplementaries:flax_seeds":4,"luminousworld:grassflowers":5,"iceandfire:ghost_chest":1,"born_in_chaos_v1:fangofthe_hound_leader":2,"minecraft:charcoal":2,"minecraft:leather_leggings":1,"minecraft:white_dye":3,"born_in_chaos_v1:marigolds":1,"iceandfire:manuscript":3,"minecraft:cartography_table":2,"luminousworld:beastiary":2,"iceandfire:dragonbone_sword":1,"minecraft:wheat_seeds":43,"luminousworld:ishstone":123,"minecraft:golden_horse_armor":8,"minecraft:feather":3,"minecraft:iron_helmet":2,"minecraft:cobblestone":296,"minecraft:prismarine_crystals":13,"artifacts:whoopee_cushion":1,"minecraft:apple":1,"endrem:lost_eye":1,"minecraft:yellow_carpet":1,"minecraft:coal":3,"minecraft:oxeye_daisy":1,"minecraft:diamond_horse_armor":1,"minecraft:rib_armor_trim_smithing_template":1,"minecraft:oak_stairs":7,"minecraft:pumpkin":13,"minecraft:smooth_stone":1,"minecraft:string":14,"minecraft:acacia_planks":4,"minecraft:gray_carpet":4,"minecraft:stone_sword":2,"minecraft:cobblestone_wall":1,"minecraft:cocoa_beans":6,"minecraft:smooth_stone_slab":1,"born_in_chaos_v1:rotten_fish":1,"minecraft:clay_ball":8,"minecraft:iron_boots":2,"iceandfire:armor_bronze_chestplate":2,"minecraft:pumpkin_seeds":2,"minecraft:potato":4,"ecologics:walnut":2,"minecraft:bundle":2,"minecraft:spruce_planks":3,"minecraft:wooden_shovel":1,"minecraft:spider_eye":3,"minecraft:stone_bricks":30,"minecraft:barrel":12,"minecraft:bow":1,"luminousworld:blue_petunias":2,"minecraft:brick_slab":4,"minecraft:spruce_sign":3,"minecraft:dark_oak_stairs":10,"luminousworld:yellowpetunias":2,"minecraft:oak_log":2,"ecologics:coconut_slice":6,"minecraft:stripped_birch_wood":7,"iceandfire:chared_dirt":2,"minecraft:lantern":4,"minecraft:honeycomb":6,"iceandfire:graveyard_soil":5,"minecraft:cobblestone_stairs":4,"born_in_chaos_v1:monster_skin":5,"iceandfire:ash":5,"minecraft:glistering_melon_slice":24,"minecraft:birch_log":1,"ecologics:stripped_walnut_log":2,"minecraft:diamond_shovel":1,"minecraft:carrot":1,"minecraft:chainmail_chestplate":2,"minecraft:poppy":2,"minecraft:rabbit_hide":5,"minecraft:oak_fence_gate":1,"supplementaries:ash":49,"minecraft:gunpowder":3,"minecraft:beetroot_seeds":3,"born_in_chaos_v1:corpse_maggot":15,"minecraft:stone_brick_wall":6,"minecraft:birch_door":5,"quark:forgotten_hat":2,"minecraft:chest":1,"minecraft:chainmail_boots":1,"minecraft:iron_bars":5,"minecraft:arrow":3,"minecraft:netherrack":6,"minecraft:purple_carpet":1,"minecraft:stone_hoe":1,"minecraft:bread":10,"minecraft:oak_slab":2,"luminousworld:sunset_petunias":1,"minecraft:poisonous_potato":1,"minecraft:prismarine_shard":7,"ecologics:coconut_seedling":4,"minecraft:copper_ingot":5,"minecraft:stick":2,"illagerinvasion:platinum_chunk":3,"minecraft:diorite":41,"tombstone:grave_key":1,"tombstone:grave_dust":5,"minecraft:iron_leggings":2,"minecraft:iron_axe":1,"minecraft:dandelion":2,"minecraft:nether_brick_slab":3,"minecraft:blue_terracotta":3,"minecraft:nether_wart":5,"minecraft:raw_copper":33,"minecraft:tuff":4,"minecraft:raw_iron":2,"minecraft:stripped_oak_log":1,"minecraft:flint_and_steel":4,"luminousworld:yellow_grassflowers":2,"aether:iron_gloves":2,"iceandfire:chared_cobblestone":59,"minecraft:iron_chestplate":2,"luminousworld:groundpebbles_1":11,"minecraft:andesite":17,"minecraft:oak_sapling":1,"minecraft:golden_sword":7,"minecraft:diamond_boots":1,"minecraft:spruce_log":2,"minecraft:stone_pickaxe":1,"minecraft:wooden_pickaxe":2},"minecraft:mined":{"minecraft:dark_oak_planks":6,"minecraft:white_bed":10,"minecraft:red_nether_bricks":2,"minecraft:stone_brick_wall":1,"minecraft:yellow_carpet":1,"minecraft:hopper":1,"minecraft:oxeye_daisy":1,"minecraft:spawner":19,"minecraft:tall_seagrass":2,"minecraft:fire":79,"minecraft:barrel":12,"minecraft:stripped_dark_oak_wood":2,"iceandfire:gold_pile":85,"minecraft:dirt_path":2,"minecraft:oak_stairs":1,"minecraft:stripped_mangrove_wood":9,"minecraft:iron_block":1,"minecraft:player_head":1,"minecraft:cut_sandstone":4,"minecraft:kelp_plant":1,"born_in_chaos_v1:infected_deepslate_diamond_ore":3,"minecraft:torch":26,"minecraft:nether_brick_slab":2,"minecraft:spruce_wall_sign":1,"minecraft:sugar_cane":5,"sophisticatedbackpacks:diamond_backpack":1,"minecraft:wheat":2,"minecraft:birch_door":5,"minecraft:black_bed":13,"minecraft:stone_brick_stairs":7,"minecraft:grass":115,"luminousworld:grassvariant_3":8,"minecraft:stripped_birch_wood":9,"minecraft:deepslate":5,"minecraft:dark_prismarine":7,"iceandfire:silver_ore":8,"luminousworld:mossbuds_1":1,"luminousworld:grassvariant_2":24,"minecraft:cartography_table":1,"minecraft:kelp":1,"minecraft:black_stained_glass_pane":1,"minecraft:andesite":46,"luminousworld:mossbuds_3":1,"minecraft:vine":7,"minecraft:rail":2,"minecraft:bone_block":4,"minecraft:oak_slab":6,"minecraft:glass_pane":2,"minecraft:observer":1,"minecraft:dandelion":1,"minecraft:campfire":1,"luminousworld:grassflowers":1,"minecraft:tall_grass":26,"minecraft:copper_ore":10,"minecraft:diorite":35,"ecologics:stripped_walnut_log":2,"minecraft:black_stained_glass":1,"minecraft:purple_bed":3,"minecraft:cobblestone_wall":3,"minecraft:white_carpet":3,"luminousworld:ishstone":79,"minecraft:gravel":3,"minecraft:cobweb":57,"minecraft:stone_bricks":18,"minecraft:fern":1,"luminousworld:white_petunias":1,"minecraft:spruce_planks":16,"iceandfire:graveyard_soil":11,"minecraft:jungle_slab":1,"minecraft:cobblestone_stairs":6,"minecraft:grass_block":166,"minecraft:iron_ore":3,"minecraft:anvil":3,"minecraft:azure_bluet":1,"minecraft:dark_oak_stairs":5,"minecraft:iron_bars":6,"ecologics:walnut_log":7,"minecraft:end_stone_bricks":5,"minecraft:spruce_slab":3,"iceandfire:chared_cobblestone":63,"minecraft:clay":1,"minecraft:calcite":1,"minecraft:poppy":2,"iceandfire:ghost_chest":3,"minecraft:chest":17,"minecraft:cobblestone":92,"minecraft:oak_planks":44,"placeablesmod:bread_full_block":4,"minecraft:iron_door":1,"minecraft:wall_torch":9,"minecraft:seagrass":3,"placeablesmod:gold_apple_block":1,"minecraft:blue_terracotta":3,"minecraft:dark_oak_slab":1,"minecraft:birch_log":8,"minecraft:oak_log":41,"minecraft:sand":24,"minecraft:dirt":637,"minecraft:netherrack":3,"minecraft:polished_deepslate_wall":1,"minecraft:oak_leaves":5,"luminousworld:groundpebbles_1":1,"minecraft:dark_oak_leaves":1,"minecraft:deepslate_diamond_ore":1,"iceandfire:chared_dirt":2,"ecologics:coconut_log":34,"minecraft:spruce_leaves":4,"minecraft:large_fern":2,"minecraft:hay_block":101,"minecraft:polished_deepslate":3,"minecraft:stripped_oak_log":2,"minecraft:stone":1181,"sophisticatedbackpacks:backpack":2,"minecraft:oak_fence":5,"minecraft:crafting_table":3,"minecraft:rose_bush":1,"supplementaries:urn":27,"minecraft:gray_wool":1,"minecraft:brick_slab":9,"minecraft:yellow_bed":6,"minecraft:coal_ore":77,"minecraft:cyan_carpet":1,"minecraft:gray_carpet":4,"minecraft:cracked_stone_bricks":7,"minecraft:stripped_acacia_wood":2,"minecraft:mossy_stone_bricks":2}},"DataVersion":3465}