{"stats":{"minecraft:crafted":{"minecraft:oak_planks":24,"minecraft:crafting_table":1,"minecraft:stick":8,"minecraft:wooden_pickaxe":1,"minecraft:stone_pickaxe":1,"minecraft:stone_sword":1,"minecraft:torch":4,"minecraft:stone_axe":1},"minecraft:used":{"minecraft:stone_sword":12,"minecraft:bread":5,"minecraft:stone_pickaxe":26,"minecraft:wooden_pickaxe":22,"minecraft:iron_sword":2,"minecraft:torch":2,"minecraft:stone_axe":5,"minecraft:dirt":14,"minecraft:cobblestone":4,"minecraft:purple_bed":1,"minecraft:crafting_table":1,"minecraft:allium":1,"alexsmobs:animal_dictionary":1},"minecraft:mined":{"minecraft:large_fern":2,"minecraft:seagrass":1,"minecraft:purple_bed":1,"minecraft:glass_pane":1,"minecraft:andesite":1,"minecraft:torch":1,"minecraft:crafting_table":1,"minecraft:coal_ore":7,"minecraft:grass_block":2,"minecraft:oak_log":6,"minecraft:dirt":24,"minecraft:cobblestone":4,"minecraft:spruce_leaves":2,"minecraft:stone":25,"minecraft:sugar_cane":5},"minecraft:picked_up":{"minecraft:crafting_table":1,"minecraft:allium":1,"minecraft:clay_ball":4,"minecraft:andesite":1,"minecraft:torch":1,"minecraft:oak_log":6,"minecraft:dirt":26,"minecraft:purple_bed":1,"minecraft:rotten_flesh":1,"minecraft:sugar_cane":8,"minecraft:coal":7,"minecraft:cobblestone":29},"minecraft:dropped":{"minecraft:andesite":1,"minecraft:rotten_flesh":1,"minecraft:clay_ball":4,"minecraft:wooden_pickaxe":1},"minecraft:killed":{"takesapillage:clay_golem":1},"minecraft:custom":{"minecraft:time_since_rest":19762,"minecraft:sprint_one_cm":50713,"minecraft:damage_taken":114,"minecraft:walk_one_cm":39614,"minecraft:mob_kills":1,"minecraft:drop":7,"minecraft:damage_dealt":430,"minecraft:talked_to_villager":14,"minecraft:interact_with_crafting_table":3,"minecraft:fly_one_cm":101171,"minecraft:open_chest":14,"minecraft:crouch_one_cm":3921,"minecraft:play_time":41339,"minecraft:sneak_time":1569,"minecraft:jump":416,"minecraft:time_since_death":41339,"minecraft:walk_on_water_one_cm":5191,"minecraft:sleep_in_bed":2,"minecraft:climb_one_cm":315,"minecraft:total_world_time":41339,"minecraft:fall_one_cm":11136}},"DataVersion":3465}