{"stats":{"minecraft:picked_up":{"minecraft:sand":1},"minecraft:mined":{"minecraft:sand":1},"minecraft:killed_by":{"minecraft:husk":2},"minecraft:custom":{"minecraft:jump":36,"minecraft:walk_on_water_one_cm":142,"minecraft:time_since_rest":4123,"minecraft:damage_taken":500,"minecraft:damage_dealt":64,"minecraft:crouch_one_cm":538,"minecraft:leave_game":4,"minecraft:sprint_one_cm":847,"minecraft:play_time":13879,"minecraft:walk_one_cm":4893,"minecraft:time_since_death":3838,"minecraft:deaths":2,"minecraft:sneak_time":398,"minecraft:total_world_time":13879,"minecraft:drop":1,"minecraft:fall_one_cm":476,"minecraft:fly_one_cm":3663},"minecraft:dropped":{"minecraft:sand":1}},"DataVersion":3953}