{"stats":{"minecraft:crafted":{"minecraft:oak_planks":24,"minecraft:crafting_table":1,"minecraft:stick":8,"minecraft:wooden_pickaxe":1,"minecraft:stone_pickaxe":1,"minecraft:stone_sword":1,"minecraft:stone_axe":1},"minecraft:used":{"minecraft:stone_sword":11,"minecraft:bread":2,"minecraft:stone_pickaxe":15,"minecraft:wooden_pickaxe":22,"minecraft:stone_axe":5,"minecraft:dirt":13,"minecraft:cobblestone":4,"minecraft:crafting_table":1,"minecraft:allium":1,"alexsmobs:animal_dictionary":1},"minecraft:mined":{"minecraft:large_fern":2,"minecraft:seagrass":1,"minecraft:purple_bed":1,"minecraft:andesite":1,"minecraft:torch":1,"minecraft:crafting_table":1,"minecraft:grass_block":1,"minecraft:oak_log":6,"minecraft:dirt":12,"minecraft:cobblestone":3,"minecraft:stone":23,"minecraft:sugar_cane":5},"minecraft:picked_up":{"minecraft:crafting_table":1,"minecraft:allium":1,"minecraft:clay_ball":4,"minecraft:andesite":1,"minecraft:oak_log":6,"minecraft:dirt":13,"minecraft:purple_bed":1,"minecraft:sugar_cane":8,"minecraft:cobblestone":26},"minecraft:dropped":{"minecraft:andesite":1,"minecraft:clay_ball":4,"minecraft:wooden_pickaxe":1},"minecraft:killed":{"takesapillage:clay_golem":1},"minecraft:custom":{"minecraft:time_since_rest":5060,"minecraft:sprint_one_cm":21295,"minecraft:damage_taken":78,"minecraft:walk_one_cm":22390,"minecraft:mob_kills":1,"minecraft:drop":6,"minecraft:damage_dealt":400,"minecraft:talked_to_villager":14,"minecraft:interact_with_crafting_table":2,"minecraft:fly_one_cm":35050,"minecraft:open_chest":12,"minecraft:crouch_one_cm":3109,"minecraft:play_time":17339,"minecraft:sneak_time":1198,"minecraft:jump":161,"minecraft:time_since_death":17339,"minecraft:walk_on_water_one_cm":3819,"minecraft:sleep_in_bed":1,"minecraft:climb_one_cm":315,"minecraft:total_world_time":17339,"minecraft:fall_one_cm":3781}},"DataVersion":3465}