{"stats":{"minecraft:crafted":{"minecraft:oak_planks":24,"minecraft:crafting_table":1,"minecraft:stick":8,"minecraft:wooden_pickaxe":1,"minecraft:stone_pickaxe":1,"minecraft:stone_sword":1,"minecraft:torch":4,"minecraft:stone_axe":1},"minecraft:used":{"minecraft:stone_sword":12,"minecraft:bread":8,"minecraft:stone_pickaxe":68,"minecraft:wooden_pickaxe":22,"minecraft:iron_sword":13,"minecraft:torch":3,"minecraft:stone_axe":5,"minecraft:dirt":16,"minecraft:cobblestone":4,"minecraft:purple_bed":2,"minecraft:crafting_table":1,"alexsmobs:animal_dictionary":1,"minecraft:allium":1},"minecraft:mined":{"minecraft:large_fern":2,"minecraft:seagrass":1,"minecraft:purple_bed":3,"minecraft:glass_pane":1,"minecraft:iron_ore":1,"minecraft:andesite":1,"luminousworld:mossbuds_3":1,"luminousworld:mossbuds_1":1,"minecraft:crafting_table":1,"minecraft:torch":1,"minecraft:grass_block":7,"minecraft:oak_log":6,"minecraft:coal_ore":18,"minecraft:dirt":28,"minecraft:cobblestone":4,"minecraft:spruce_leaves":4,"minecraft:stone":51,"minecraft:sugar_cane":5},"minecraft:picked_up":{"minecraft:raw_iron":1,"minecraft:crafting_table":1,"minecraft:allium":1,"minecraft:clay_ball":4,"minecraft:andesite":1,"minecraft:torch":1,"minecraft:spruce_sapling":4,"minecraft:oak_log":6,"minecraft:dirt":33,"minecraft:bone":1,"minecraft:purple_bed":3,"minecraft:rotten_flesh":1,"minecraft:sugar_cane":8,"minecraft:iron_sword":1,"minecraft:coal":18,"minecraft:cobblestone":55},"minecraft:dropped":{"minecraft:iron_sword":1,"minecraft:andesite":1,"minecraft:rotten_flesh":1,"minecraft:clay_ball":4,"minecraft:wooden_pickaxe":1},"minecraft:killed":{"minecraft:skeleton":1,"takesapillage:clay_golem":1},"minecraft:custom":{"minecraft:time_since_rest":3984,"minecraft:sprint_one_cm":75440,"minecraft:damage_taken":185,"minecraft:walk_one_cm":67218,"minecraft:mob_kills":2,"minecraft:drop":8,"minecraft:damage_dealt":648,"minecraft:interact_with_crafting_table":3,"minecraft:swim_one_cm":4535,"minecraft:fly_one_cm":141834,"minecraft:talked_to_villager":14,"minecraft:open_chest":14,"minecraft:play_time":88514,"minecraft:crouch_one_cm":4372,"tombstone:undead_killed":1,"minecraft:sneak_time":2666,"minecraft:walk_under_water_one_cm":1077,"minecraft:jump":716,"minecraft:leave_game":1,"minecraft:time_since_death":88514,"minecraft:walk_on_water_one_cm":7326,"minecraft:sleep_in_bed":4,"minecraft:total_world_time":88514,"minecraft:climb_one_cm":315,"minecraft:fall_one_cm":18586}},"DataVersion":3465}