{"stats":{"minecraft:used":{"alexsmobs:animal_dictionary":1,"simpletomb:grave_key":1},"minecraft:killed_by":{"minecraft:zombie":1},"minecraft:custom":{"minecraft:jump":19,"minecraft:time_since_rest":10659,"minecraft:damage_dealt":36,"minecraft:damage_taken":485,"minecraft:leave_game":3,"minecraft:crouch_one_cm":190,"minecraft:play_time":12575,"minecraft:time_since_death":10579,"minecraft:sprint_one_cm":8505,"minecraft:walk_one_cm":22279,"minecraft:walk_on_water_one_cm":10341,"minecraft:deaths":1,"minecraft:sneak_time":412,"minecraft:total_world_time":12575,"minecraft:walk_under_water_one_cm":2046,"minecraft:swim_one_cm":7941,"minecraft:fall_one_cm":1654,"minecraft:fly_one_cm":7783},"minecraft:mined":{"regions_unexplored:pine_leaves":1}},"DataVersion":3465}