{"stats":{"minecraft:used":{"minecraft:apple":5,"minecraft:stone_sword":11,"minecraft:acacia_log":2,"minecraft:bread":1,"minecraft:ender_pearl":1,"minecraft:wooden_pickaxe":36,"regions_unexplored:mauve_log":6,"minecraft:tripwire_hook":1,"simpletomb:grave_key":2,"minecraft:stone_axe":20,"minecraft:dirt":5,"minecraft:cobblestone":1,"minecraft:crafting_table":1,"minecraft:golden_chestplate":1,"alexsmobs:animal_dictionary":1,"regions_unexplored:mauve_sapling":2,"regions_unexplored:mauve_planks":38},"minecraft:killed_by":{"minecraft:zombie":1},"minecraft:killed":{"minecraft:spider":1,"endermanoverhaul:savanna_enderman":1},"minecraft:custom":{"minecraft:time_since_rest":9177,"minecraft:sprint_one_cm":77475,"minecraft:damage_taken":585,"minecraft:walk_one_cm":111740,"minecraft:mob_kills":2,"minecraft:drop":7,"minecraft:damage_dealt":596,"minecraft:swim_one_cm":22018,"minecraft:interact_with_crafting_table":2,"minecraft:fly_one_cm":116093,"minecraft:open_barrel":4,"minecraft:open_chest":4,"minecraft:crouch_one_cm":14760,"minecraft:play_time":36045,"minecraft:deaths":2,"minecraft:sneak_time":3783,"minecraft:walk_under_water_one_cm":6966,"minecraft:jump":421,"minecraft:interact_with_blast_furnace":2,"minecraft:leave_game":4,"minecraft:time_since_death":9123,"minecraft:walk_on_water_one_cm":33285,"minecraft:total_world_time":36045,"minecraft:climb_one_cm":1186,"minecraft:interact_with_smoker":5,"minecraft:fall_one_cm":3810},"minecraft:dropped":{"minecraft:stone_sword":1,"minecraft:wooden_pickaxe":1,"minecraft:copper_ingot":1,"regions_unexplored:enchanted_birch_leaf_pile":2,"minecraft:bone":2},"minecraft:mined":{"regions_unexplored:enchanted_birch_leaf_pile":1,"minecraft:crafting_table":1,"regions_unexplored:pine_leaves":1,"minecraft:grass":1,"minecraft:grass_block":1,"minecraft:dirt":4,"minecraft:tripwire_hook":1,"regions_unexplored:mauve_log":23,"realmrpg_skeletons:trident_skeleton":1,"minecraft:stone":31},"minecraft:crafted":{"regions_unexplored:mauve_planks":64,"minecraft:crafting_table":1,"minecraft:stick":8,"minecraft:wooden_pickaxe":1,"minecraft:stone_pickaxe":1,"minecraft:stone_sword":1,"minecraft:stone_axe":1},"minecraft:picked_up":{"minecraft:crafting_table":1,"minecraft:tripwire_hook":1,"minecraft:copper_ingot":1,"minecraft:acacia_log":2,"minecraft:potion":2,"minecraft:dirt":5,"minecraft:stone_sword":1,"minecraft:bone":2,"regions_unexplored:enchanted_birch_leaf_pile":2,"regions_unexplored:mauve_sapling":2,"minecraft:apple":1,"regions_unexplored:mauve_log":22,"minecraft:cobblestone":31,"minecraft:ender_pearl":1}},"DataVersion":3465}