{"stats":{"minecraft:picked_up":{"minecraft:stick":1,"minecraft:oak_log":5,"minecraft:oak_sapling":3},"minecraft:custom":{"minecraft:jump":40,"minecraft:time_since_rest":7902,"minecraft:damage_taken":20,"minecraft:leave_game":5,"minecraft:crouch_one_cm":376,"minecraft:play_time":7902,"minecraft:sprint_one_cm":5848,"minecraft:time_since_death":7902,"minecraft:walk_one_cm":23690,"minecraft:sneak_time":186,"minecraft:total_world_time":7902,"minecraft:fall_one_cm":822,"minecraft:drop":2,"minecraft:fly_one_cm":12674},"minecraft:mined":{"minecraft:oak_log":5,"minecraft:oak_leaves":53},"minecraft:used":{"alexsmobs:animal_dictionary":1},"minecraft:dropped":{"minecraft:oak_sapling":2}},"DataVersion":3465}