{"stats":{"minecraft:picked_up":{"minecraft:stick":1,"minecraft:crafting_table":1,"minecraft:feather":1,"minecraft:chicken":1,"minecraft:brown_wool":1,"minecraft:oak_log":5,"minecraft:string":1,"minecraft:dirt":9,"minecraft:rotten_flesh":2,"minecraft:oak_sapling":3,"minecraft:mutton":7,"minecraft:white_wool":4,"minecraft:cobblestone":41,"minecraft:egg":5},"minecraft:killed":{"minecraft:sheep":5,"minecraft:zombie":1,"minecraft:chicken":1,"minecraft:spider":1},"minecraft:custom":{"minecraft:time_since_rest":25867,"minecraft:sprint_one_cm":27766,"minecraft:damage_taken":20,"minecraft:walk_one_cm":119551,"minecraft:mob_kills":8,"minecraft:drop":6,"minecraft:damage_dealt":1002,"minecraft:interact_with_crafting_table":2,"minecraft:fly_one_cm":43261,"minecraft:crouch_one_cm":2320,"minecraft:play_time":25867,"minecraft:sneak_time":785,"minecraft:jump":127,"minecraft:leave_game":6,"minecraft:time_since_death":25867,"minecraft:total_world_time":25867,"minecraft:fall_one_cm":2134},"minecraft:mined":{"minecraft:crafting_table":1,"minecraft:grass_block":2,"minecraft:oak_log":5,"minecraft:dirt":7,"minecraft:stone":41,"minecraft:oak_leaves":53},"minecraft:used":{"minecraft:stone_sword":15,"minecraft:brown_wool":1,"minecraft:wooden_pickaxe":46,"minecraft:stone_axe":5,"minecraft:dirt":4,"minecraft:crafting_table":2,"minecraft:oak_sapling":1,"alexsmobs:animal_dictionary":1,"minecraft:egg":5},"minecraft:crafted":{"minecraft:oak_planks":20,"minecraft:crafting_table":2,"minecraft:stick":8,"minecraft:wooden_pickaxe":1,"minecraft:stone_pickaxe":1,"minecraft:stone_sword":1,"minecraft:stone_axe":1},"minecraft:dropped":{"minecraft:oak_sapling":2,"minecraft:feather":1,"minecraft:rotten_flesh":2,"minecraft:wooden_pickaxe":1,"minecraft:string":1}},"DataVersion":3465}