{"stats":{"minecraft:killed":{"minecraft:husk":17,"minecraft:spider":1,"endermanoverhaul:savanna_enderman":1,"minecraft:zombie":1,"minecraft:villager":1},"minecraft:crafted":{"minecraft:crafting_table":1,"minecraft:wooden_pickaxe":1,"minecraft:iron_sword":1,"minecraft:mangrove_planks":8,"minecraft:stone_axe":1,"minecraft:bread":108,"regions_unexplored:pine_planks":48,"regions_unexplored:mauve_planks":64,"minecraft:stick":12,"minecraft:stone_pickaxe":1,"minecraft:stone_sword":1,"minecraft:torch":8,"minecraft:stone_hoe":1,"minecraft:wheat":324},"minecraft:mined":{"realmrpg_skeletons:waterdrop_skeleton":1,"regions_unexplored:enchanted_birch_leaf_pile":1,"minecraft:crafting_table":4,"minecraft:torch":3,"minecraft:ladder":1,"minecraft:grass_block":6,"minecraft:white_stained_glass":2,"minecraft:mangrove_trapdoor":1,"regions_unexplored:mauve_log":23,"regions_unexplored:bamboo_log":3,"minecraft:wall_torch":1,"regions_unexplored:pine_log":12,"minecraft:hay_block":37,"regions_unexplored:hyssop":1,"minecraft:light_gray_stained_glass":2,"minecraft:lilac":1,"minecraft:mangrove_planks":8,"minecraft:yellow_bed":1,"regions_unexplored:pine_leaves":2,"minecraft:grass":4,"minecraft:coal_ore":23,"minecraft:gravel":2,"minecraft:dirt":4,"minecraft:tripwire_hook":1,"minecraft:stone":31,"realmrpg_skeletons:trident_skeleton":3,"minecraft:stripped_mangrove_wood":2,"minecraft:fern":1},"minecraft:used":{"regions_unexplored:pine_planks":7,"minecraft:stone_sword":11,"minecraft:acacia_log":2,"minecraft:stone_pickaxe":25,"minecraft:mangrove_planks":9,"minecraft:ladder":1,"minecraft:ender_pearl":1,"minecraft:wooden_pickaxe":36,"minecraft:iron_sword":233,"regions_unexplored:mauve_log":6,"minecraft:stone_hoe":37,"simpletomb:grave_key":22,"minecraft:torch":8,"minecraft:dirt":6,"minecraft:mangrove_trapdoor":1,"minecraft:crafting_table":4,"minecraft:allium":1,"regions_unexplored:mauve_sapling":2,"regions_unexplored:mauve_planks":38,"minecraft:golden_chestplate":1,"minecraft:apple":5,"minecraft:bread":13,"minecraft:stone_axe":68,"minecraft:tripwire_hook":1,"minecraft:cobblestone":1,"minecraft:potion":1,"alexsmobs:animal_dictionary":1},"minecraft:picked_up":{"minecraft:crafting_table":4,"minecraft:allium":1,"minecraft:ladder":1,"minecraft:prismarine_shard":2,"minecraft:tripwire_hook":1,"minecraft:water_bucket":1,"minecraft:potion":2,"minecraft:yellow_bed":1,"minecraft:dirt":6,"minecraft:bone":3,"minecraft:apple":1,"minecraft:wheat_seeds":1,"regions_unexplored:pine_log":24,"minecraft:iron_ingot":2,"minecraft:mangrove_planks":7,"regions_unexplored:bamboo_log":3,"minecraft:stripped_mangrove_wood":2,"minecraft:copper_ingot":1,"minecraft:torch":4,"minecraft:acacia_log":2,"minecraft:gravel":2,"minecraft:mangrove_trapdoor":1,"regions_unexplored:hyssop":1,"minecraft:stone_sword":1,"regions_unexplored:enchanted_birch_leaf_pile":2,"minecraft:rotten_flesh":18,"regions_unexplored:mauve_sapling":2,"regions_unexplored:mauve_log":22,"minecraft:hay_block":36,"minecraft:coal":23,"minecraft:cobblestone":31,"minecraft:ender_pearl":1},"minecraft:custom":{"minecraft:mob_kills":21,"minecraft:interact_with_crafting_table":6,"minecraft:open_barrel":9,"minecraft:leave_game":7,"minecraft:time_since_death":24958,"minecraft:sleep_in_bed":1,"minecraft:climb_one_cm":5292,"minecraft:time_since_rest":8316,"minecraft:sprint_one_cm":207380,"minecraft:damage_taken":1420,"minecraft:walk_one_cm":294500,"minecraft:drop":18,"minecraft:damage_dealt":8650,"minecraft:swim_one_cm":34667,"minecraft:talked_to_villager":2,"minecraft:fly_one_cm":468778,"minecraft:open_chest":17,"minecraft:crouch_one_cm":27338,"minecraft:play_time":78524,"minecraft:deaths":4,"minecraft:sneak_time":7775,"minecraft:walk_under_water_one_cm":8515,"minecraft:jump":1281,"minecraft:interact_with_blast_furnace":3,"minecraft:walk_on_water_one_cm":48178,"minecraft:total_world_time":78524,"minecraft:interact_with_smoker":5,"minecraft:fall_one_cm":27840},"minecraft:killed_by":{"minecraft:skeleton":1,"minecraft:spider":1,"minecraft:zombie":1},"minecraft:dropped":{"minecraft:gravel":2,"regions_unexplored:pine_log":12,"minecraft:wheat_seeds":1,"minecraft:stone_sword":2,"minecraft:glass_bottle":1,"simpletomb:grave_key":1,"minecraft:prismarine_shard":2,"minecraft:rotten_flesh":18,"regions_unexplored:hyssop":1,"minecraft:copper_ingot":1,"regions_unexplored:enchanted_birch_leaf_pile":2,"minecraft:wooden_pickaxe":1,"minecraft:bone":3}},"DataVersion":3465}