{"stats":{"minecraft:broken":{"aether:golden_gloves":1,"minecraft:iron_shovel":2,"minecraft:stone_axe":2,"minecraft:iron_sword":2,"minecraft:stone_sword":1,"aether:iron_gloves":1,"minecraft:iron_helmet":1,"aether:leather_gloves":1},"minecraft:killed_by":{"undead_revamp2:the_moonflower":1,"minecraft:wither_skeleton":1,"iceandfire:cyclops":2,"minecraft:zombie":3,"iceandfire:fire_dragon":11,"enemyexpansion:botfly":1,"undead_revamp2:thebeartamer":1},"minecraft:used":{"minecraft:iron_shovel":515,"minecraft:poppy":1,"minecraft:chest":5,"minecraft:iron_sword":772,"tombstone:scroll_of_purification":1,"minecraft:jungle_slab":2,"minecraft:allium":1,"minecraft:stone_brick_stairs":1,"supplementaries:bomb_blue":1,"minecraft:furnace":1,"iceandfire:armor_bronze_boots":1,"minecraft:leather_leggings":1,"minecraft:end_stone_bricks":4,"minecraft:stone_pickaxe":126,"minecraft:oak_planks":57,"minecraft:ender_pearl":1,"minecraft:wooden_pickaxe":33,"minecraft:leather_chestplate":1,"minecraft:diamond_axe":86,"minecraft:white_wool":1,"minecraft:golden_apple":1,"minecraft:sand":2,"sophisticatedbackpacks:backpack":2,"minecraft:dark_oak_log":1,"minecraft:bread":66,"minecraft:brown_wool":2,"minecraft:diamond_sword":120,"minecraft:andesite":11,"minecraft:cobweb":4,"minecraft:experience_bottle":1,"minecraft:oak_fence":2,"minecraft:stripped_acacia_wood":1,"minecraft:rose_bush":1,"minecraft:stone_sword":152,"minecraft:spruce_planks":4,"minecraft:wooden_shovel":2,"minecraft:stripped_birch_wood":2,"minecraft:stone_hoe":83,"minecraft:oak_door":1,"minecraft:torch":5,"minecraft:dirt":655,"minecraft:diamond_helmet":1,"minecraft:iron_axe":89,"minecraft:oak_stairs":1,"iceandfire:armor_bronze_leggings":1,"minecraft:iron_boots":1,"minecraft:barrel":1,"tombstone:gift":8,"minecraft:iron_leggings":3,"born_in_chaos_v1:trident_hayfork":25,"minecraft:water_bucket":7,"minecraft:cobblestone_stairs":1,"minecraft:baked_potato":2,"minecraft:cut_sandstone":4,"minecraft:leather_boots":1,"minecraft:crafting_table":9,"supplementaries:bomb":4,"minecraft:white_bed":1,"iceandfire:armor_bronze_chestplate":1,"tombstone:bag_of_seeds":3,"minecraft:diamond_shovel":61,"minecraft:iron_pickaxe":89,"tombstone:magic_scroll":9,"minecraft:leather_helmet":1,"minecraft:stone_axe":187,"minecraft:cobblestone":53,"minecraft:potion":3,"minecraft:purple_bed":3,"minecraft:bucket":9,"minecraft:pumpkin_pie":24,"minecraft:yellow_bed":6,"quark:oak_chest":1,"alexsmobs:animal_dictionary":1,"minecraft:dandelion":1,"minecraft:gray_wool":1,"minecraft:splash_potion":4,"minecraft:chainmail_leggings":4},"minecraft:crafted":{"minecraft:oak_planks":156,"minecraft:diamond_shovel":1,"sophisticatedbackpacks:crafting_upgrade":1,"minecraft:diamond_helmet":1,"minecraft:stone_hoe":1,"minecraft:wooden_shovel":1,"sophisticatedbackpacks:backpack":1,"minecraft:crafting_table":7,"minecraft:wooden_pickaxe":2,"minecraft:baked_potato":8,"sophisticatedbackpacks:upgrade_base":1,"sophisticatedbackpacks:diamond_backpack":1,"minecraft:stick":32,"quark:oak_chest":2,"minecraft:iron_pickaxe":1,"minecraft:stone_sword":3,"iceandfire:dragon_stick":1,"minecraft:furnace":1,"minecraft:stone_pickaxe":2,"iceandfire:armor_bronze_chestplate":1,"minecraft:wheat":243,"sophisticatedbackpacks:iron_backpack":1,"minecraft:diamond_sword":1,"iceandfire:armor_bronze_boots":1,"minecraft:iron_sword":1,"sophisticatedbackpacks:gold_backpack":1,"minecraft:bucket":2,"minecraft:stone_axe":3,"minecraft:bread":81,"minecraft:air":0,"minecraft:white_bed":1,"iceandfire:armor_bronze_leggings":1,"minecraft:torch":4},"minecraft:picked_up":{"minecraft:anvil":1,"supplementaries:bomb_blue":1,"minecraft:potion":7,"minecraft:oak_stairs":1,"minecraft:enchanted_book":2,"minecraft:stone_brick_stairs":1,"minecraft:golden_sword":7,"iceandfire:manuscript":3,"minecraft:string":13,"minecraft:iron_leggings":1,"minecraft:experience_bottle":1,"minecraft:gold_nugget":137,"minecraft:spruce_planks":7,"minecraft:rose_bush":1,"minecraft:iron_pickaxe":1,"minecraft:iron_boots":1,"born_in_chaos_v1:shattered_skull":1,"minecraft:oak_fence":2,"minecraft:torch":2,"minecraft:porkchop":3,"tombstone:grave_dust":14,"aether:golden_gloves":1,"minecraft:golden_chestplate":5,"luminousworld:grassflowers":4,"minecraft:stone_sword":1,"minecraft:rotten_flesh":42,"luminousworld:yellow_grassflowers":1,"iceandfire:fire_dragon_heart":2,"minecraft:stripped_birch_wood":9,"minecraft:obsidian":8,"minecraft:cobblestone":126,"minecraft:birch_log":1,"minecraft:feather":2,"minecraft:andesite":23,"minecraft:brown_wool":2,"iceandfire:dragonscales_bronze":27,"minecraft:dirt":683,"minecraft:bone":16,"minecraft:wheat_seeds":21,"tombstone:scroll_of_reach":1,"minecraft:oak_planks":39,"minecraft:stripped_acacia_wood":2,"iceandfire:dragon_skull_fire":1,"minecraft:sand":2,"minecraft:jungle_slab":2,"minecraft:dark_oak_log":1,"minecraft:barrel":12,"minecraft:bundle":1,"minecraft:diamond":75,"luminousworld:yellowpetunias":2,"minecraft:golden_apple":17,"minecraft:emerald":4,"minecraft:golden_horse_armor":8,"minecraft:bread":71,"minecraft:chorus_fruit":9,"minecraft:end_stone_bricks":4,"minecraft:cocoa_beans":10,"luminousworld:groundpebbles_1":7,"minecraft:crafting_table":3,"minecraft:allium":1,"minecraft:splash_potion":5,"iceandfire:witherbone":5,"minecraft:nether_wart":54,"minecraft:clay_ball":8,"minecraft:diamond_horse_armor":3,"minecraft:flint_and_steel":5,"minecraft:netherite_scrap":4,"minecraft:iron_shovel":1,"supplementaries:bomb":3,"minecraft:beef":14,"minecraft:observer":1,"minecraft:poppy":1,"minecraft:sugar_cane":8,"minecraft:chest":22,"minecraft:raw_iron":1,"iceandfire:dragonbone":10,"luminousworld:blue_petunias":2,"minecraft:oak_door":1,"sophisticatedbackpacks:backpack":2,"born_in_chaos_v1:pieceofdarkmetal":4,"minecraft:carrot":51,"tombstone:scroll_of_purification":2,"minecraft:arrow":2,"iceandfire:cyclops_eye":1,"minecraft:beetroot_seeds":6,"minecraft:pumpkin_pie":56,"iceandfire:chared_dirt":2,"minecraft:diamond_boots":2,"minecraft:hay_block":74,"minecraft:glistering_melon_slice":24,"minecraft:saddle":10,"minecraft:gold_ingot":48,"born_in_chaos_v1:trident_hayfork":1,"minecraft:mutton":9,"minecraft:bone_block":3,"minecraft:white_wool":6,"minecraft:oxeye_daisy":1,"born_in_chaos_v1:fused_bone":3,"born_in_chaos_v1:corpse_maggot":9,"minecraft:golden_carrot":95,"minecraft:cut_sandstone":4,"minecraft:leather":14,"quark:smithing_template_rune":7,"minecraft:oak_log":41,"minecraft:chainmail_chestplate":1,"minecraft:yellow_bed":6,"minecraft:gunpowder":1,"minecraft:cobblestone_stairs":1,"tombstone:voodoo_poppet":2,"minecraft:apple":14,"minecraft:iron_ingot":32,"minecraft:cobweb":4,"tombstone:bag_of_seeds":2,"minecraft:glass_bottle":1,"minecraft:iron_sword":9,"iceandfire:fire_dragon_flesh":4,"enemyexpansion:phantom_eye":1,"minecraft:pumpkin":43,"born_in_chaos_v1:ethereal_spirit":6,"minecraft:dandelion":1,"minecraft:torchflower_seeds":2,"minecraft:spruce_sapling":4,"minecraft:spruce_log":2,"minecraft:spider_eye":1,"minecraft:purple_bed":3,"minecraft:stone_axe":1,"minecraft:rib_armor_trim_smithing_template":6,"minecraft:chainmail_leggings":1,"minecraft:gray_wool":1,"tombstone:magic_scroll":6,"minecraft:coal":51,"minecraft:hopper":1,"minecraft:ender_pearl":1},"minecraft:dropped":{"minecraft:iron_sword":7,"minecraft:porkchop":3,"luminousworld:yellowpetunias":2,"minecraft:oak_log":2,"minecraft:chorus_fruit":9,"minecraft:glass_bottle":4,"minecraft:stripped_birch_wood":7,"iceandfire:chared_dirt":2,"minecraft:saddle":6,"minecraft:dirt":10,"minecraft:gold_nugget":9,"minecraft:glistering_melon_slice":24,"minecraft:iron_pickaxe":1,"minecraft:birch_log":1,"minecraft:bone":1,"minecraft:stone_axe":1,"minecraft:golden_chestplate":5,"minecraft:rotten_flesh":37,"minecraft:chainmail_chestplate":1,"supplementaries:ash":1,"luminousworld:grassflowers":5,"minecraft:gunpowder":1,"minecraft:beetroot_seeds":3,"born_in_chaos_v1:corpse_maggot":5,"minecraft:chest":1,"minecraft:leather_leggings":1,"iceandfire:manuscript":3,"minecraft:stone_hoe":1,"minecraft:bread":10,"minecraft:wheat_seeds":22,"minecraft:golden_horse_armor":8,"minecraft:feather":2,"minecraft:yellow_carpet":1,"minecraft:stick":2,"minecraft:oxeye_daisy":1,"minecraft:diamond_horse_armor":1,"tombstone:grave_key":1,"minecraft:rib_armor_trim_smithing_template":1,"minecraft:iron_leggings":2,"minecraft:pumpkin":13,"minecraft:iron_axe":1,"minecraft:string":5,"minecraft:acacia_planks":4,"minecraft:stone_sword":2,"minecraft:nether_wart":5,"minecraft:cocoa_beans":6,"minecraft:clay_ball":8,"minecraft:iron_boots":2,"minecraft:pumpkin_seeds":2,"minecraft:flint_and_steel":4,"luminousworld:yellow_grassflowers":1,"minecraft:spruce_planks":3,"minecraft:iron_chestplate":1,"luminousworld:groundpebbles_1":9,"minecraft:andesite":1,"minecraft:wooden_shovel":1,"minecraft:golden_sword":7,"minecraft:barrel":11,"minecraft:spider_eye":1,"minecraft:spruce_log":2,"minecraft:diamond_boots":1,"luminousworld:blue_petunias":2,"minecraft:stone_pickaxe":1,"minecraft:wooden_pickaxe":2},"minecraft:custom":{"minecraft:interact_with_crafting_table":38,"minecraft:open_barrel":4,"minecraft:leave_game":11,"minecraft:time_since_death":5995,"minecraft:sprint_one_cm":371589,"minecraft:drop":165,"minecraft:talked_to_villager":15,"minecraft:play_time":386981,"minecraft:deaths":30,"minecraft:jump":5661,"minecraft:walk_on_water_one_cm":31693,"minecraft:interact_with_furnace":8,"minecraft:sleep_in_bed":21,"minecraft:damage_dealt":30661,"minecraft:crouch_one_cm":30236,"tombstone:undead_killed":73,"minecraft:mob_kills":127,"minecraft:damage_dealt_resisted":223,"minecraft:climb_one_cm":2588,"minecraft:walk_one_cm":652374,"minecraft:sneak_time":19358,"minecraft:walk_under_water_one_cm":3814,"minecraft:total_world_time":386981,"tombstone:raider_killed":2,"minecraft:time_since_rest":3789,"minecraft:damage_taken":15272,"minecraft:damage_absorbed":40,"minecraft:swim_one_cm":15428,"minecraft:fly_one_cm":1021142,"minecraft:open_chest":74,"minecraft:fall_one_cm":211756},"minecraft:killed":{"born_in_chaos_v1:zombie_lumberjack":1,"minecraft:spider":2,"born_in_chaos_v1:siamese_skeletonsright":2,"undead_revamp2:theswarmer":1,"born_in_chaos_v1:scarlet_persecutor":3,"minecraft:skeleton":7,"minecraft:bee":1,"minecraft:iron_golem":1,"minecraft:creeper":1,"minecraft:sheep":1,"minecraft:zombie":21,"born_in_chaos_v1:corpse_fly":2,"enemyexpansion:botfly":8,"born_in_chaos_v1:door_knight":1,"born_in_chaos_v1:siamese_skeletonsleft":1,"minecraft:cow":4,"alexsmobs:raccoon":1,"luminousworld:sunken_skeleton":2,"alexsmobs:seagull":2,"enemyexpansion:direwolf":1,"born_in_chaos_v1:zombie_bruiser":3,"born_in_chaos_v1:maggot":7,"minecraft:phantom":2,"minecraft:horse":2,"iceandfire:fire_dragon":1,"takesapillage:clay_golem":1,"undead_revamp2:thebidy":1,"undead_revamp2:sucker":10,"born_in_chaos_v1:fallen_chaos_knight":1,"friendsandfoes:copper_golem":1,"iceandfire:cyclops":1,"born_in_chaos_v1:baby_skeleton":1,"born_in_chaos_v1:swarmer":1,"undead_revamp2:the_moonflower":4,"enemyexpansion:sprinter":3,"minecraft:hoglin":1,"earthmobsmod:wooly_cow":2,"born_in_chaos_v1:decrepit_skeleton":2,"born_in_chaos_v1:bloody_gadfly":1,"minecraft:wither_skeleton":9,"minecraft:enderman":1,"enemyexpansion:slugger":2},"minecraft:mined":{"minecraft:spruce_planks":16,"minecraft:jungle_slab":1,"minecraft:cobblestone_stairs":1,"minecraft:grass_block":141,"minecraft:yellow_carpet":1,"minecraft:hopper":1,"minecraft:oxeye_daisy":1,"minecraft:spawner":10,"minecraft:iron_ore":1,"minecraft:fire":22,"minecraft:barrel":11,"minecraft:anvil":1,"minecraft:dirt_path":2,"minecraft:oak_stairs":1,"minecraft:end_stone_bricks":5,"minecraft:spruce_slab":1,"minecraft:cut_sandstone":4,"minecraft:clay":1,"minecraft:torch":1,"minecraft:chest":15,"minecraft:cobblestone":21,"minecraft:sugar_cane":5,"minecraft:oak_planks":41,"placeablesmod:bread_full_block":4,"minecraft:wall_torch":1,"minecraft:seagrass":1,"minecraft:wheat":2,"minecraft:stone_brick_stairs":1,"minecraft:grass":59,"minecraft:oak_log":39,"minecraft:sand":2,"minecraft:dirt":590,"luminousworld:grassvariant_3":5,"minecraft:stripped_birch_wood":9,"luminousworld:groundpebbles_1":1,"minecraft:dark_oak_leaves":1,"luminousworld:mossbuds_1":1,"luminousworld:grassvariant_2":9,"iceandfire:chared_dirt":2,"minecraft:spruce_leaves":4,"minecraft:large_fern":2,"minecraft:hay_block":74,"minecraft:andesite":23,"luminousworld:mossbuds_3":1,"minecraft:stone":107,"sophisticatedbackpacks:backpack":2,"minecraft:bone_block":4,"minecraft:glass_pane":2,"minecraft:observer":1,"minecraft:oak_fence":2,"minecraft:crafting_table":3,"minecraft:rose_bush":1,"luminousworld:grassflowers":1,"minecraft:tall_grass":13,"minecraft:gray_wool":1,"minecraft:purple_bed":3,"minecraft:yellow_bed":6,"minecraft:coal_ore":33,"minecraft:cobweb":13,"minecraft:stripped_acacia_wood":2}},"DataVersion":3465}