{"stats":{"minecraft:broken":{"aether:golden_gloves":1,"minecraft:iron_shovel":2,"minecraft:stone_axe":2,"minecraft:iron_sword":2,"iceandfire:cyclops_eye":1,"minecraft:stone_sword":1,"aether:iron_gloves":1,"minecraft:iron_helmet":1,"aether:leather_gloves":1},"minecraft:killed_by":{"undead_revamp2:the_moonflower":1,"minecraft:wither_skeleton":1,"iceandfire:cyclops":2,"enemyexpansion:huntsman":1,"iceandfire:sea_serpent":1,"minecraft:zombie":3,"iceandfire:fire_dragon":11,"enemyexpansion:botfly":1,"iceandfire:ghost":1,"undead_revamp2:thebeartamer":1},"minecraft:used":{"minecraft:iron_shovel":515,"minecraft:spruce_slab":1,"minecraft:poppy":1,"minecraft:chest":5,"minecraft:iron_sword":807,"tombstone:scroll_of_purification":1,"minecraft:allium":1,"minecraft:jungle_slab":2,"iceandfire:ghost_chest":1,"minecraft:stone_brick_stairs":4,"minecraft:stone_bricks":4,"supplementaries:bomb_blue":1,"minecraft:furnace":1,"iceandfire:armor_bronze_boots":1,"minecraft:leather_leggings":1,"minecraft:end_stone_bricks":4,"minecraft:stone_pickaxe":126,"minecraft:oak_planks":57,"minecraft:ender_pearl":1,"minecraft:wooden_pickaxe":33,"minecraft:leather_chestplate":1,"minecraft:diamond_axe":143,"minecraft:white_wool":1,"minecraft:golden_apple":1,"minecraft:sand":2,"sophisticatedbackpacks:backpack":2,"minecraft:firework_rocket":25,"minecraft:dark_oak_log":1,"minecraft:bread":66,"minecraft:brown_wool":2,"minecraft:diamond_sword":120,"iceandfire:dragon_skull_fire":1,"minecraft:andesite":11,"minecraft:chain":1,"minecraft:cobweb":4,"minecraft:experience_bottle":2,"minecraft:oak_fence":2,"minecraft:stripped_acacia_wood":1,"minecraft:rose_bush":1,"minecraft:stone_sword":152,"minecraft:spruce_planks":4,"minecraft:wooden_shovel":2,"minecraft:stripped_birch_wood":2,"minecraft:stone_hoe":83,"minecraft:oak_door":1,"minecraft:torch":5,"minecraft:dirt":655,"minecraft:anvil":1,"minecraft:diamond_helmet":1,"minecraft:iron_hoe":17,"minecraft:iron_axe":89,"minecraft:oak_stairs":1,"iceandfire:armor_bronze_leggings":1,"minecraft:iron_boots":1,"minecraft:barrel":1,"tombstone:gift":8,"minecraft:iron_leggings":3,"born_in_chaos_v1:trident_hayfork":269,"minecraft:water_bucket":8,"minecraft:cobblestone_stairs":1,"minecraft:baked_potato":2,"minecraft:cut_sandstone":4,"minecraft:leather_boots":1,"minecraft:crafting_table":9,"supplementaries:bomb":4,"minecraft:white_bed":5,"iceandfire:armor_bronze_chestplate":1,"tombstone:bag_of_seeds":3,"minecraft:dark_prismarine":7,"minecraft:diamond_shovel":104,"minecraft:iron_pickaxe":149,"tombstone:magic_scroll":9,"minecraft:leather_helmet":1,"minecraft:stone_axe":187,"minecraft:cobblestone":60,"minecraft:potion":3,"minecraft:purple_bed":3,"minecraft:bucket":10,"minecraft:pumpkin_pie":42,"minecraft:yellow_bed":6,"quark:oak_chest":1,"alexsmobs:animal_dictionary":1,"minecraft:dandelion":1,"minecraft:gray_wool":1,"minecraft:splash_potion":4,"minecraft:chainmail_leggings":4},"minecraft:crafted":{"minecraft:oak_planks":156,"minecraft:diamond_shovel":1,"sophisticatedbackpacks:crafting_upgrade":1,"minecraft:diamond_helmet":1,"minecraft:stone_hoe":1,"minecraft:wooden_shovel":1,"sophisticatedbackpacks:backpack":1,"minecraft:crafting_table":7,"minecraft:wooden_pickaxe":2,"minecraft:baked_potato":8,"sophisticatedbackpacks:upgrade_base":1,"minecraft:shield":1,"sophisticatedbackpacks:diamond_backpack":1,"minecraft:stick":32,"quark:oak_chest":2,"minecraft:iron_pickaxe":1,"minecraft:stone_sword":3,"vanillaplustools:diamond_hammer":1,"iceandfire:armor_bronze_helmet":1,"iceandfire:dragon_stick":1,"minecraft:furnace":1,"minecraft:stone_pickaxe":2,"iceandfire:armor_bronze_chestplate":1,"minecraft:wheat":243,"sophisticatedbackpacks:iron_backpack":1,"minecraft:diamond_sword":1,"iceandfire:armor_bronze_boots":1,"minecraft:iron_sword":1,"sophisticatedbackpacks:gold_backpack":1,"minecraft:bucket":2,"minecraft:stone_axe":3,"minecraft:bread":81,"minecraft:air":0,"minecraft:white_bed":1,"iceandfire:armor_bronze_leggings":1,"minecraft:torch":4},"minecraft:picked_up":{"minecraft:iron_chestplate":1,"minecraft:anvil":1,"supplementaries:bomb_blue":1,"aether:iron_gloves":2,"minecraft:potion":7,"minecraft:oak_stairs":1,"minecraft:enchanted_book":2,"minecraft:stone_brick_stairs":4,"minecraft:golden_sword":7,"iceandfire:manuscript":8,"minecraft:string":44,"minecraft:iron_leggings":1,"minecraft:experience_bottle":2,"minecraft:gold_nugget":297,"minecraft:spruce_planks":7,"minecraft:rose_bush":1,"minecraft:redstone_torch":1,"minecraft:iron_pickaxe":1,"minecraft:iron_boots":2,"iceandfire:ghost_chest":2,"born_in_chaos_v1:shattered_skull":1,"minecraft:oak_fence":2,"minecraft:torch":2,"minecraft:porkchop":3,"tombstone:grave_dust":14,"aether:golden_gloves":1,"minecraft:golden_chestplate":5,"luminousworld:grassflowers":4,"minecraft:stone_sword":1,"minecraft:rotten_flesh":64,"luminousworld:yellow_grassflowers":1,"iceandfire:fire_dragon_heart":3,"minecraft:iron_block":1,"minecraft:stripped_birch_wood":9,"minecraft:obsidian":12,"minecraft:iron_bars":5,"minecraft:cobblestone":133,"minecraft:birch_log":1,"minecraft:feather":3,"minecraft:andesite":23,"minecraft:brown_wool":2,"iceandfire:dragonscales_bronze":60,"minecraft:dirt":692,"minecraft:bone":30,"minecraft:wheat_seeds":26,"tombstone:scroll_of_reach":1,"minecraft:oak_planks":39,"minecraft:honeycomb":3,"minecraft:stripped_acacia_wood":2,"iceandfire:dragon_skull_fire":3,"minecraft:sand":2,"minecraft:jungle_slab":2,"minecraft:dark_oak_log":1,"minecraft:barrel":12,"minecraft:dark_prismarine":7,"minecraft:bundle":2,"minecraft:blue_terracotta":3,"minecraft:diamond":75,"luminousworld:yellowpetunias":2,"minecraft:golden_apple":17,"minecraft:emerald":5,"minecraft:golden_horse_armor":8,"minecraft:bread":73,"minecraft:chorus_fruit":9,"minecraft:end_stone_bricks":4,"minecraft:cocoa_beans":10,"luminousworld:groundpebbles_1":7,"minecraft:crafting_table":3,"minecraft:allium":1,"minecraft:splash_potion":5,"iceandfire:witherbone":5,"minecraft:nether_wart":54,"minecraft:clay_ball":8,"minecraft:diamond_horse_armor":3,"minecraft:chain":2,"minecraft:flint_and_steel":5,"minecraft:netherite_scrap":4,"minecraft:item_frame":2,"minecraft:iron_shovel":1,"supplementaries:bomb":3,"iceandfire:graveyard_soil":3,"minecraft:beef":14,"minecraft:observer":1,"minecraft:poppy":1,"minecraft:spruce_slab":1,"minecraft:sugar_cane":8,"minecraft:chest":24,"minecraft:raw_iron":1,"iceandfire:dragonbone":19,"luminousworld:blue_petunias":2,"minecraft:oak_door":1,"sophisticatedbackpacks:backpack":2,"minecraft:white_dye":3,"minecraft:cookie":5,"born_in_chaos_v1:pieceofdarkmetal":4,"minecraft:carrot":51,"tombstone:scroll_of_purification":2,"iceandfire:silver_ingot":1,"minecraft:arrow":3,"iceandfire:cyclops_eye":1,"minecraft:beetroot_seeds":6,"minecraft:pumpkin_pie":56,"iceandfire:chared_dirt":2,"minecraft:diamond_boots":2,"minecraft:hay_block":90,"minecraft:glistering_melon_slice":24,"minecraft:saddle":10,"minecraft:gold_ingot":51,"born_in_chaos_v1:trident_hayfork":1,"minecraft:mutton":9,"minecraft:bone_block":3,"minecraft:white_wool":6,"minecraft:oxeye_daisy":1,"born_in_chaos_v1:fused_bone":3,"minecraft:stripped_oak_log":1,"born_in_chaos_v1:corpse_maggot":11,"minecraft:golden_carrot":95,"minecraft:cut_sandstone":4,"minecraft:leather":14,"quark:smithing_template_rune":7,"minecraft:oak_log":43,"minecraft:chainmail_chestplate":1,"minecraft:yellow_bed":6,"minecraft:gunpowder":1,"minecraft:cobblestone_stairs":1,"tombstone:voodoo_poppet":2,"minecraft:apple":14,"minecraft:stone_bricks":10,"minecraft:iron_ingot":35,"minecraft:cobweb":8,"tombstone:bag_of_seeds":2,"minecraft:glass_bottle":1,"minecraft:iron_sword":10,"iceandfire:fire_dragon_flesh":4,"minecraft:book":1,"enemyexpansion:phantom_eye":1,"minecraft:pumpkin":43,"born_in_chaos_v1:ethereal_spirit":6,"minecraft:dandelion":1,"minecraft:torchflower_seeds":2,"minecraft:spruce_sapling":4,"minecraft:white_bed":5,"minecraft:spruce_log":2,"minecraft:spider_eye":1,"minecraft:purple_bed":3,"minecraft:slime_ball":1,"minecraft:stone_axe":1,"minecraft:rib_armor_trim_smithing_template":6,"minecraft:chainmail_leggings":1,"minecraft:iron_helmet":1,"minecraft:gray_wool":1,"tombstone:magic_scroll":6,"minecraft:hopper":1,"minecraft:coal":51,"minecraft:ender_pearl":1},"minecraft:dropped":{"minecraft:iron_sword":7,"minecraft:porkchop":3,"luminousworld:yellowpetunias":2,"minecraft:oak_log":2,"minecraft:chorus_fruit":9,"minecraft:glass_bottle":4,"minecraft:stripped_birch_wood":7,"iceandfire:chared_dirt":2,"minecraft:honeycomb":3,"minecraft:saddle":6,"minecraft:item_frame":2,"minecraft:dirt":10,"minecraft:chain":1,"minecraft:gold_nugget":9,"minecraft:glistering_melon_slice":24,"minecraft:iron_pickaxe":1,"minecraft:birch_log":1,"minecraft:bone":2,"minecraft:stone_axe":1,"minecraft:golden_chestplate":5,"minecraft:rotten_flesh":47,"minecraft:chainmail_chestplate":1,"supplementaries:ash":1,"luminousworld:grassflowers":5,"minecraft:gunpowder":1,"minecraft:beetroot_seeds":3,"born_in_chaos_v1:corpse_maggot":7,"minecraft:chest":1,"minecraft:leather_leggings":1,"minecraft:white_dye":3,"minecraft:iron_bars":5,"minecraft:arrow":1,"iceandfire:manuscript":3,"minecraft:bread":10,"minecraft:stone_hoe":1,"minecraft:wheat_seeds":26,"minecraft:golden_horse_armor":8,"minecraft:feather":3,"minecraft:yellow_carpet":1,"minecraft:stick":2,"minecraft:oxeye_daisy":1,"minecraft:diamond_horse_armor":1,"tombstone:grave_key":1,"minecraft:rib_armor_trim_smithing_template":1,"minecraft:iron_leggings":2,"minecraft:pumpkin":13,"minecraft:iron_axe":1,"minecraft:string":5,"minecraft:acacia_planks":4,"minecraft:blue_terracotta":3,"minecraft:nether_wart":5,"minecraft:stone_sword":2,"minecraft:cocoa_beans":6,"minecraft:clay_ball":8,"minecraft:iron_boots":2,"minecraft:stripped_oak_log":1,"minecraft:pumpkin_seeds":2,"minecraft:flint_and_steel":4,"luminousworld:yellow_grassflowers":1,"aether:iron_gloves":1,"minecraft:spruce_planks":3,"minecraft:iron_chestplate":1,"luminousworld:groundpebbles_1":9,"minecraft:andesite":1,"minecraft:wooden_shovel":1,"minecraft:golden_sword":7,"minecraft:spider_eye":1,"minecraft:stone_bricks":2,"minecraft:barrel":11,"minecraft:spruce_log":2,"minecraft:diamond_boots":1,"luminousworld:blue_petunias":2,"minecraft:stone_pickaxe":1,"minecraft:wooden_pickaxe":2},"minecraft:custom":{"minecraft:interact_with_crafting_table":38,"minecraft:open_barrel":9,"minecraft:eat_cake_slice":6,"minecraft:leave_game":15,"minecraft:time_since_death":54216,"minecraft:sprint_one_cm":547541,"minecraft:drop":183,"minecraft:talked_to_villager":16,"minecraft:play_time":497608,"minecraft:deaths":35,"minecraft:jump":6818,"minecraft:walk_on_water_one_cm":82006,"minecraft:interact_with_furnace":9,"minecraft:sleep_in_bed":27,"minecraft:damage_dealt":36833,"minecraft:crouch_one_cm":31206,"tombstone:undead_killed":87,"minecraft:inspect_dispenser":1,"minecraft:interact_with_anvil":4,"minecraft:mob_kills":151,"minecraft:damage_dealt_resisted":223,"minecraft:climb_one_cm":14214,"minecraft:walk_one_cm":1015074,"minecraft:sneak_time":20004,"minecraft:walk_under_water_one_cm":43403,"minecraft:total_world_time":497608,"tombstone:raider_killed":2,"minecraft:time_since_rest":1837,"minecraft:damage_taken":17589,"minecraft:damage_absorbed":40,"minecraft:trigger_trapped_chest":5,"minecraft:swim_one_cm":31615,"minecraft:fly_one_cm":1161544,"minecraft:open_chest":109,"minecraft:fall_one_cm":246769},"minecraft:killed":{"born_in_chaos_v1:zombie_lumberjack":1,"minecraft:spider":2,"undead_revamp2:thesmoker":1,"naturalist:robin":1,"born_in_chaos_v1:siamese_skeletonsright":2,"undead_revamp2:theswarmer":1,"born_in_chaos_v1:scarlet_persecutor":3,"naturalist:snail":1,"minecraft:skeleton":9,"minecraft:bee":1,"minecraft:iron_golem":1,"minecraft:creeper":1,"minecraft:sheep":1,"minecraft:zombie":26,"born_in_chaos_v1:corpse_fly":2,"enemyexpansion:botfly":13,"born_in_chaos_v1:door_knight":1,"born_in_chaos_v1:siamese_skeletonsleft":1,"minecraft:cow":4,"alexsmobs:raccoon":1,"luminousworld:sunken_skeleton":2,"alexsmobs:seagull":2,"enemyexpansion:direwolf":2,"born_in_chaos_v1:zombie_bruiser":3,"born_in_chaos_v1:maggot":7,"minecraft:phantom":2,"minecraft:horse":2,"iceandfire:fire_dragon":2,"takesapillage:clay_golem":1,"undead_revamp2:thebidy":1,"undead_revamp2:sucker":11,"born_in_chaos_v1:fallen_chaos_knight":1,"friendsandfoes:copper_golem":1,"iceandfire:cyclops":1,"born_in_chaos_v1:baby_skeleton":2,"born_in_chaos_v1:swarmer":1,"undead_revamp2:the_moonflower":4,"enemyexpansion:sprinter":3,"minecraft:hoglin":1,"earthmobsmod:wooly_cow":2,"born_in_chaos_v1:decrepit_skeleton":2,"born_in_chaos_v1:bloody_gadfly":1,"iceandfire:ghost":4,"minecraft:wither_skeleton":9,"minecraft:enderman":1,"enemyexpansion:slugger":2},"minecraft:mined":{"minecraft:spruce_planks":16,"minecraft:white_bed":5,"iceandfire:graveyard_soil":11,"minecraft:jungle_slab":1,"minecraft:cobblestone_stairs":1,"minecraft:grass_block":144,"minecraft:yellow_carpet":1,"minecraft:hopper":1,"minecraft:oxeye_daisy":1,"minecraft:spawner":10,"minecraft:iron_ore":1,"minecraft:fire":22,"minecraft:barrel":11,"minecraft:anvil":1,"iceandfire:gold_pile":18,"minecraft:dirt_path":2,"minecraft:oak_stairs":1,"minecraft:iron_bars":5,"minecraft:end_stone_bricks":5,"minecraft:iron_block":1,"minecraft:spruce_slab":2,"iceandfire:chared_cobblestone":4,"minecraft:cut_sandstone":4,"minecraft:clay":1,"minecraft:torch":1,"iceandfire:ghost_chest":2,"minecraft:chest":17,"minecraft:cobblestone":21,"minecraft:sugar_cane":5,"minecraft:oak_planks":41,"placeablesmod:bread_full_block":4,"minecraft:wall_torch":1,"minecraft:seagrass":1,"minecraft:blue_terracotta":3,"minecraft:wheat":2,"minecraft:stone_brick_stairs":7,"minecraft:grass":69,"minecraft:oak_log":41,"minecraft:sand":2,"minecraft:dirt":615,"luminousworld:grassvariant_3":6,"minecraft:stripped_birch_wood":9,"minecraft:dark_prismarine":7,"luminousworld:groundpebbles_1":1,"minecraft:dark_oak_leaves":1,"luminousworld:mossbuds_1":1,"luminousworld:grassvariant_2":14,"iceandfire:chared_dirt":2,"minecraft:spruce_leaves":4,"minecraft:large_fern":2,"minecraft:hay_block":90,"minecraft:andesite":23,"luminousworld:mossbuds_3":1,"minecraft:vine":1,"minecraft:stripped_oak_log":1,"minecraft:stone":120,"minecraft:bone_block":4,"sophisticatedbackpacks:backpack":2,"minecraft:oak_slab":3,"minecraft:glass_pane":2,"minecraft:observer":1,"minecraft:oak_fence":5,"minecraft:crafting_table":3,"minecraft:rose_bush":1,"luminousworld:grassflowers":1,"minecraft:tall_grass":15,"minecraft:gray_wool":1,"minecraft:purple_bed":3,"minecraft:white_carpet":3,"minecraft:yellow_bed":6,"minecraft:coal_ore":33,"minecraft:cobweb":44,"minecraft:stripped_acacia_wood":2,"minecraft:stone_bricks":14,"minecraft:fern":1}},"DataVersion":3465}