{"stats":{"minecraft:crafted":{"minecraft:oak_planks":24,"minecraft:crafting_table":1,"minecraft:stick":8,"minecraft:wooden_pickaxe":1,"minecraft:stone_pickaxe":1,"minecraft:stone_sword":1,"minecraft:stone_axe":1},"minecraft:used":{"minecraft:stone_sword":12,"minecraft:bread":3,"minecraft:stone_pickaxe":15,"minecraft:wooden_pickaxe":22,"minecraft:stone_axe":5,"minecraft:dirt":13,"minecraft:cobblestone":4,"minecraft:crafting_table":1,"minecraft:allium":1,"alexsmobs:animal_dictionary":1},"minecraft:mined":{"minecraft:large_fern":2,"minecraft:seagrass":1,"minecraft:purple_bed":1,"minecraft:andesite":1,"minecraft:torch":1,"minecraft:crafting_table":1,"minecraft:grass_block":1,"minecraft:oak_log":6,"minecraft:dirt":12,"minecraft:cobblestone":3,"minecraft:stone":23,"minecraft:sugar_cane":5},"minecraft:picked_up":{"minecraft:crafting_table":1,"minecraft:allium":1,"minecraft:clay_ball":4,"minecraft:andesite":1,"minecraft:oak_log":6,"minecraft:dirt":13,"minecraft:purple_bed":1,"minecraft:rotten_flesh":1,"minecraft:sugar_cane":8,"minecraft:cobblestone":26},"minecraft:dropped":{"minecraft:andesite":1,"minecraft:rotten_flesh":1,"minecraft:clay_ball":4,"minecraft:wooden_pickaxe":1},"minecraft:killed":{"takesapillage:clay_golem":1},"minecraft:custom":{"minecraft:time_since_rest":7762,"minecraft:sprint_one_cm":26701,"minecraft:damage_taken":94,"minecraft:walk_one_cm":28273,"minecraft:mob_kills":1,"minecraft:drop":7,"minecraft:damage_dealt":430,"minecraft:talked_to_villager":14,"minecraft:interact_with_crafting_table":3,"minecraft:fly_one_cm":57541,"minecraft:open_chest":12,"minecraft:crouch_one_cm":3109,"minecraft:play_time":29339,"minecraft:sneak_time":1198,"minecraft:jump":229,"minecraft:time_since_death":29339,"minecraft:walk_on_water_one_cm":3819,"minecraft:sleep_in_bed":2,"minecraft:climb_one_cm":315,"minecraft:total_world_time":29339,"minecraft:fall_one_cm":5093}},"DataVersion":3465}