{"stats":{"minecraft:crafted":{"minecraft:cooked_beef":9,"minecraft:crafting_table":1,"minecraft:wooden_pickaxe":1,"minecraft:furnace":1,"minecraft:stone_axe":1,"minecraft:air":0,"minecraft:jungle_planks":20,"minecraft:stick":8,"minecraft:stone_pickaxe":1,"minecraft:stone_sword":1,"minecraft:white_bed":1,"minecraft:torch":4},"minecraft:mined":{"minecraft:white_bed":4,"iceandfire:silver_ore":4,"alexsmobs:leafcutter_anthill":1,"minecraft:jungle_leaves":1,"minecraft:crafting_table":2,"minecraft:acacia_log":2,"minecraft:grass_block":3,"minecraft:jungle_log":5,"luminousworld:grassvariant_2":1,"minecraft:tall_grass":1,"minecraft:cobblestone":12,"minecraft:furnace":1,"minecraft:grass":10,"minecraft:coal_ore":50,"minecraft:vine":1,"minecraft:dirt":10,"minecraft:stone":45},"minecraft:used":{"minecraft:stone_sword":60,"minecraft:stone_pickaxe":107,"minecraft:wooden_pickaxe":15,"minecraft:white_wool":1,"minecraft:torch":1,"minecraft:dirt":13,"minecraft:crafting_table":2,"minecraft:white_bed":4,"minecraft:stone_axe":21,"minecraft:cobblestone":19,"minecraft:furnace":1,"alexsmobs:animal_dictionary":1,"minecraft:egg":1,"minecraft:cooked_beef":8},"minecraft:picked_up":{"minecraft:crafting_table":2,"minecraft:feather":7,"minecraft:chicken":3,"minecraft:jungle_log":5,"minecraft:leather":6,"minecraft:dirt":13,"minecraft:beef":24,"minecraft:furnace":1,"minecraft:egg":1,"minecraft:white_bed":4,"minecraft:stone_sword":1,"alexsmobs:maggot":2,"minecraft:white_wool":4,"minecraft:mutton":6,"minecraft:coal":50,"alexsmobs:lobster_tail":1,"iceandfire:raw_silver":4,"minecraft:cobblestone":57},"minecraft:dropped":{"alexsmobs:maggot":2,"minecraft:stone_sword":1,"alexsmobs:lobster_tail":1,"minecraft:wooden_pickaxe":1},"minecraft:killed":{"alexsmobs:lobster":1,"naturalist:robin":1,"enemyexpansion:direwolf":4,"minecraft:sheep":4,"minecraft:zombie":1,"minecraft:chicken":3,"alexsmobs:fly":1,"minecraft:cow":8},"minecraft:custom":{"minecraft:interact_with_furnace":3,"minecraft:mob_kills":25,"minecraft:interact_with_crafting_table":4,"minecraft:time_since_death":35392,"minecraft:sleep_in_bed":2,"minecraft:climb_one_cm":463,"minecraft:time_since_rest":12454,"minecraft:sprint_one_cm":64741,"minecraft:damage_taken":710,"minecraft:walk_one_cm":59710,"minecraft:drop":5,"minecraft:damage_dealt":2199,"minecraft:swim_one_cm":17610,"minecraft:fly_one_cm":156174,"minecraft:open_chest":1,"minecraft:crouch_one_cm":5997,"tombstone:undead_killed":1,"minecraft:play_time":35392,"minecraft:sneak_time":3711,"minecraft:walk_under_water_one_cm":3832,"minecraft:jump":716,"minecraft:walk_on_water_one_cm":10886,"minecraft:total_world_time":35392,"minecraft:fall_one_cm":23884}},"DataVersion":3465}