{"stats":{"minecraft:custom":{"minecraft:interact_with_furnace":9,"minecraft:mob_kills":25,"minecraft:interact_with_crafting_table":6,"minecraft:leave_game":1,"minecraft:time_since_death":54633,"minecraft:sleep_in_bed":4,"minecraft:climb_one_cm":1585,"minecraft:time_since_rest":3529,"minecraft:sprint_one_cm":107340,"minecraft:damage_taken":780,"minecraft:walk_one_cm":99892,"minecraft:drop":10,"minecraft:damage_dealt":2199,"minecraft:swim_one_cm":17610,"minecraft:talked_to_villager":2,"minecraft:fly_one_cm":209643,"minecraft:open_chest":10,"minecraft:crouch_one_cm":6296,"minecraft:play_time":54633,"tombstone:undead_killed":1,"minecraft:sneak_time":3875,"minecraft:walk_under_water_one_cm":3832,"minecraft:jump":965,"minecraft:walk_on_water_one_cm":10886,"minecraft:total_world_time":54633,"minecraft:fall_one_cm":31907},"minecraft:dropped":{"alexsmobs:maggot":2,"minecraft:stone_sword":2,"alexsmobs:lobster_tail":1,"minecraft:gold_nugget":4,"minecraft:wooden_pickaxe":1},"minecraft:broken":{"minecraft:stone_pickaxe":1},"minecraft:mined":{"minecraft:white_bed":8,"iceandfire:silver_ore":4,"alexsmobs:leafcutter_anthill":1,"minecraft:jungle_leaves":1,"minecraft:crafting_table":4,"minecraft:acacia_log":2,"minecraft:grass_block":3,"minecraft:jungle_log":5,"luminousworld:grassvariant_2":1,"minecraft:tall_grass":1,"minecraft:cobblestone":13,"minecraft:wall_torch":2,"minecraft:furnace":2,"minecraft:grass":10,"minecraft:oak_log":6,"minecraft:coal_ore":50,"iceandfire:gold_pile":1,"minecraft:oak_sign":1,"minecraft:vine":1,"minecraft:dirt":10,"minecraft:stone":67,"minecraft:oak_leaves":1},"minecraft:killed":{"alexsmobs:lobster":1,"naturalist:robin":1,"enemyexpansion:direwolf":4,"minecraft:sheep":4,"minecraft:zombie":1,"minecraft:chicken":3,"alexsmobs:fly":1,"minecraft:cow":8},"minecraft:used":{"minecraft:stone_sword":61,"minecraft:stone_pickaxe":134,"minecraft:oak_sign":1,"minecraft:wooden_pickaxe":15,"minecraft:white_wool":1,"minecraft:torch":3,"minecraft:dirt":13,"minecraft:crafting_table":5,"minecraft:white_bed":9,"minecraft:stone_axe":24,"minecraft:cobblestone":22,"minecraft:furnace":3,"alexsmobs:animal_dictionary":1,"minecraft:egg":1,"minecraft:cooked_beef":11},"minecraft:picked_up":{"minecraft:crafting_table":4,"minecraft:feather":7,"minecraft:chicken":3,"minecraft:jungle_log":5,"minecraft:leather":6,"minecraft:oak_log":6,"minecraft:dirt":13,"minecraft:cooked_mutton":6,"minecraft:oak_sign":1,"minecraft:gold_nugget":4,"minecraft:beef":24,"minecraft:egg":1,"minecraft:furnace":2,"minecraft:stick":2,"minecraft:torch":2,"minecraft:white_bed":8,"minecraft:stone_sword":2,"alexsmobs:maggot":2,"alexsmobs:lobster_tail":1,"minecraft:mutton":6,"minecraft:coal":96,"minecraft:white_wool":4,"iceandfire:raw_silver":4,"minecraft:cobblestone":80},"minecraft:crafted":{"minecraft:cooked_beef":18,"minecraft:oak_planks":24,"minecraft:crafting_table":1,"minecraft:wooden_pickaxe":1,"minecraft:furnace":1,"minecraft:stone_axe":1,"minecraft:air":0,"minecraft:jungle_planks":20,"minecraft:stick":16,"minecraft:stone_pickaxe":2,"minecraft:stone_sword":1,"minecraft:white_bed":1,"minecraft:torch":4}},"DataVersion":3465}