{"stats":{"minecraft:custom":{"minecraft:time_since_rest":21122,"minecraft:crouch_one_cm":2254,"minecraft:sprint_one_cm":10047,"minecraft:play_time":21122,"minecraft:damage_taken":20,"minecraft:walk_one_cm":70705,"minecraft:sneak_time":748,"minecraft:drop":2,"minecraft:jump":54,"minecraft:time_since_death":21122,"minecraft:leave_game":6,"minecraft:total_world_time":21122,"minecraft:interact_with_crafting_table":1,"minecraft:fall_one_cm":822,"minecraft:fly_one_cm":14347},"minecraft:used":{"minecraft:crafting_table":1,"minecraft:oak_sapling":1,"alexsmobs:animal_dictionary":1,"minecraft:wooden_pickaxe":41},"minecraft:picked_up":{"minecraft:stick":1,"minecraft:oak_log":5,"minecraft:oak_sapling":3,"minecraft:dirt":4,"minecraft:cobblestone":41},"minecraft:crafted":{"minecraft:oak_planks":20,"minecraft:crafting_table":1,"minecraft:stick":8,"minecraft:wooden_pickaxe":1},"minecraft:mined":{"minecraft:grass_block":1,"minecraft:oak_log":5,"minecraft:dirt":3,"minecraft:stone":41,"minecraft:oak_leaves":53},"minecraft:dropped":{"minecraft:oak_sapling":2}},"DataVersion":3465}