{"stats":{"minecraft:broken":{"aether:golden_gloves":1,"minecraft:iron_shovel":2,"iceandfire:armor_bronze_leggings":1,"minecraft:stone_axe":2,"minecraft:iron_sword":3,"iceandfire:cyclops_eye":1,"minecraft:stone_sword":1,"aether:iron_gloves":2,"minecraft:iron_helmet":1,"aether:leather_gloves":1},"minecraft:killed_by":{"undead_revamp2:the_moonflower":1,"minecraft:wither_skeleton":1,"iceandfire:cyclops":2,"enemyexpansion:huntsman":1,"iceandfire:sea_serpent":1,"minecraft:zombie":3,"iceandfire:fire_dragon":12,"enemyexpansion:botfly":1,"iceandfire:ghost":1,"undead_revamp2:thebeartamer":1},"minecraft:used":{"minecraft:iron_shovel":515,"minecraft:spruce_slab":1,"minecraft:poppy":1,"minecraft:shield":44,"minecraft:chest":5,"minecraft:iron_sword":1150,"tombstone:scroll_of_purification":1,"minecraft:allium":1,"minecraft:jungle_slab":2,"minecraft:tuff":2,"minecraft:azure_bluet":1,"iceandfire:ghost_chest":1,"minecraft:stone_brick_stairs":4,"minecraft:stone_bricks":4,"supplementaries:bomb_blue":1,"supplementaries:ash":7,"minecraft:furnace":2,"iceandfire:armor_bronze_boots":1,"minecraft:leather_leggings":1,"minecraft:end_stone_bricks":4,"minecraft:stone_pickaxe":126,"minecraft:oak_planks":57,"minecraft:ender_pearl":1,"minecraft:leather_chestplate":1,"minecraft:wooden_pickaxe":33,"artifacts:eternal_steak":4,"minecraft:diamond_axe":153,"minecraft:white_wool":1,"vanillaplustools:diamond_hammer":24,"minecraft:golden_apple":10,"minecraft:sand":2,"alexscaves:cave_book":1,"sophisticatedbackpacks:backpack":2,"minecraft:firework_rocket":25,"minecraft:dark_oak_log":1,"minecraft:bread":77,"minecraft:brown_wool":2,"minecraft:iron_door":1,"minecraft:diamond_sword":120,"iceandfire:dragon_skull_fire":1,"minecraft:andesite":11,"minecraft:chain":1,"minecraft:oak_fence":9,"minecraft:cobweb":4,"minecraft:experience_bottle":2,"minecraft:stripped_acacia_wood":1,"minecraft:rose_bush":1,"minecraft:iron_bars":1,"minecraft:stone_sword":152,"minecraft:spruce_planks":4,"minecraft:stripped_birch_wood":2,"minecraft:wooden_shovel":2,"minecraft:stone_hoe":83,"minecraft:oak_door":1,"minecraft:torch":109,"minecraft:dirt":682,"minecraft:anvil":1,"minecraft:diamond_helmet":1,"minecraft:iron_hoe":28,"tombstone:ankh_of_pray":1,"minecraft:iron_axe":89,"minecraft:oak_stairs":1,"iceandfire:armor_bronze_leggings":1,"minecraft:iron_boots":1,"minecraft:barrel":1,"tombstone:gift":8,"minecraft:cobbled_deepslate":4,"minecraft:iron_leggings":3,"born_in_chaos_v1:trident_hayfork":269,"minecraft:water_bucket":15,"tombstone:scroll_of_knowledge":1,"tombstone:scroll_of_reach":3,"minecraft:cobblestone_stairs":1,"minecraft:baked_potato":2,"quark:forgotten_hat":1,"minecraft:cut_sandstone":4,"minecraft:leather_boots":1,"minecraft:cracked_stone_bricks":1,"minecraft:crafting_table":10,"supplementaries:bomb":4,"minecraft:white_bed":11,"iceandfire:armor_bronze_chestplate":1,"tombstone:bag_of_seeds":3,"minecraft:dark_prismarine":7,"minecraft:diamond_shovel":104,"minecraft:tnt_minecart":1,"minecraft:iron_pickaxe":263,"minecraft:leather_helmet":1,"tombstone:magic_scroll":10,"minecraft:stone_axe":187,"quark:dark_oak_chest":1,"minecraft:cobblestone":91,"minecraft:potion":3,"minecraft:purple_bed":3,"minecraft:bucket":17,"minecraft:pumpkin_pie":52,"minecraft:yellow_bed":6,"quark:oak_chest":1,"alexsmobs:animal_dictionary":1,"minecraft:stripped_oak_log":1,"minecraft:dandelion":3,"minecraft:gray_wool":1,"minecraft:splash_potion":4,"minecraft:chainmail_leggings":4},"minecraft:crafted":{"minecraft:oak_planks":156,"minecraft:diamond_shovel":1,"sophisticatedbackpacks:crafting_upgrade":1,"minecraft:diamond_helmet":1,"minecraft:stone_hoe":1,"minecraft:wooden_shovel":1,"sophisticatedbackpacks:backpack":1,"minecraft:crafting_table":7,"minecraft:wooden_pickaxe":2,"minecraft:baked_potato":8,"sophisticatedbackpacks:upgrade_base":1,"minecraft:shield":1,"sophisticatedbackpacks:diamond_backpack":1,"minecraft:stick":40,"quark:oak_chest":2,"minecraft:iron_pickaxe":1,"minecraft:stone_sword":3,"minecraft:gold_ingot":104,"vanillaplustools:diamond_hammer":1,"iceandfire:armor_bronze_helmet":1,"artifacts:eternal_steak":1,"iceandfire:dragon_stick":1,"minecraft:furnace":1,"minecraft:stone_pickaxe":2,"iceandfire:armor_bronze_chestplate":1,"minecraft:wheat":243,"sophisticatedbackpacks:iron_backpack":1,"minecraft:diamond_sword":1,"iceandfire:armor_bronze_boots":1,"minecraft:iron_sword":1,"tombstone:ankh_of_pray":1,"sophisticatedbackpacks:gold_backpack":1,"minecraft:bucket":2,"minecraft:stone_axe":3,"minecraft:bread":81,"minecraft:air":0,"minecraft:white_bed":1,"iceandfire:armor_bronze_leggings":1,"minecraft:torch":4},"minecraft:picked_up":{"minecraft:iron_chestplate":2,"minecraft:wheat":2,"minecraft:anvil":2,"supplementaries:bomb_blue":1,"aether:iron_gloves":2,"minecraft:potion":7,"minecraft:oak_stairs":1,"minecraft:enchanted_book":2,"minecraft:stone_brick_stairs":4,"minecraft:golden_sword":7,"iceandfire:manuscript":8,"minecraft:string":49,"minecraft:iron_leggings":1,"minecraft:experience_bottle":2,"minecraft:tnt_minecart":1,"minecraft:red_sand":33,"minecraft:gold_nugget":987,"minecraft:cobbled_deepslate":8,"minecraft:spruce_planks":7,"minecraft:rose_bush":1,"minecraft:redstone_torch":1,"minecraft:iron_pickaxe":2,"minecraft:iron_boots":2,"iceandfire:ghost_chest":2,"born_in_chaos_v1:shattered_skull":1,"minecraft:oak_fence":9,"minecraft:torch":41,"minecraft:porkchop":3,"iceandfire:armor_bronze_chestplate":1,"tombstone:grave_dust":17,"aether:golden_gloves":1,"minecraft:golden_chestplate":5,"luminousworld:grassflowers":4,"minecraft:stone_sword":1,"minecraft:rotten_flesh":75,"luminousworld:yellow_grassflowers":1,"iceandfire:fire_dragon_heart":4,"minecraft:iron_block":1,"supplementaries:ash":14,"minecraft:stripped_birch_wood":9,"minecraft:obsidian":12,"minecraft:iron_bars":6,"minecraft:cobblestone":346,"minecraft:birch_log":1,"minecraft:feather":3,"minecraft:iron_door":1,"minecraft:andesite":23,"minecraft:black_bed":1,"minecraft:brown_wool":2,"minecraft:tuff":2,"iceandfire:dragonscales_bronze":72,"minecraft:dirt":701,"minecraft:bone":47,"minecraft:wheat_seeds":28,"tombstone:scroll_of_reach":1,"minecraft:oak_planks":50,"minecraft:honeycomb":6,"endrem:lost_eye":1,"minecraft:stripped_acacia_wood":2,"minecraft:poisonous_potato":1,"iceandfire:dragon_skull_fire":4,"minecraft:sand":2,"minecraft:jungle_slab":2,"minecraft:dark_oak_log":1,"minecraft:barrel":13,"minecraft:dark_prismarine":7,"minecraft:bundle":4,"minecraft:blue_terracotta":3,"minecraft:diamond":76,"luminousworld:yellowpetunias":2,"minecraft:golden_apple":17,"minecraft:emerald":13,"minecraft:golden_horse_armor":8,"minecraft:bread":73,"born_in_chaos_v1:diamond_termite_shard":6,"born_in_chaos_v1:rotten_fish":1,"minecraft:chorus_fruit":9,"iceandfire:raw_silver":2,"minecraft:end_stone_bricks":4,"minecraft:charcoal":2,"minecraft:cocoa_beans":10,"luminousworld:groundpebbles_1":7,"minecraft:crafting_table":3,"minecraft:allium":1,"minecraft:azure_bluet":1,"minecraft:splash_potion":5,"iceandfire:witherbone":5,"minecraft:nether_wart":54,"minecraft:clay_ball":8,"minecraft:diamond_horse_armor":3,"minecraft:chain":2,"quark:dark_oak_chest":1,"minecraft:iron_axe":1,"minecraft:flint_and_steel":5,"minecraft:netherite_scrap":4,"minecraft:item_frame":2,"minecraft:iron_shovel":1,"supplementaries:bomb":3,"iceandfire:graveyard_soil":3,"minecraft:cracked_stone_bricks":1,"minecraft:candle":1,"minecraft:beef":14,"minecraft:observer":1,"minecraft:poppy":1,"minecraft:spruce_slab":1,"minecraft:sugar_cane":8,"minecraft:chest":24,"minecraft:raw_iron":1,"iceandfire:dragonbone":28,"luminousworld:blue_petunias":2,"minecraft:oak_door":1,"sophisticatedbackpacks:backpack":2,"minecraft:white_dye":3,"minecraft:cookie":5,"born_in_chaos_v1:pieceofdarkmetal":5,"minecraft:carrot":51,"tombstone:scroll_of_purification":2,"artifacts:everlasting_beef":1,"minecraft:tnt":1,"iceandfire:silver_ingot":1,"minecraft:arrow":8,"iceandfire:cyclops_eye":1,"minecraft:beetroot_seeds":6,"minecraft:pumpkin_pie":56,"iceandfire:chared_dirt":2,"minecraft:diamond_boots":2,"minecraft:hay_block":101,"minecraft:glistering_melon_slice":24,"minecraft:saddle":10,"minecraft:gold_ingot":51,"born_in_chaos_v1:trident_hayfork":1,"minecraft:mutton":9,"minecraft:bone_block":3,"minecraft:rail":3,"minecraft:white_wool":6,"minecraft:oxeye_daisy":1,"born_in_chaos_v1:fused_bone":3,"minecraft:stripped_oak_log":2,"born_in_chaos_v1:corpse_maggot":11,"minecraft:golden_carrot":95,"minecraft:cut_sandstone":4,"minecraft:leather":14,"quark:smithing_template_rune":7,"minecraft:oak_log":43,"minecraft:chainmail_chestplate":1,"minecraft:yellow_bed":6,"minecraft:gunpowder":11,"minecraft:cobblestone_stairs":1,"tombstone:voodoo_poppet":2,"quark:forgotten_hat":3,"minecraft:apple":14,"minecraft:stone_bricks":10,"minecraft:iron_ingot":35,"minecraft:cobweb":8,"tombstone:bag_of_seeds":2,"minecraft:glass_bottle":1,"minecraft:iron_sword":14,"iceandfire:fire_dragon_flesh":11,"minecraft:book":1,"enemyexpansion:phantom_eye":1,"minecraft:pumpkin":43,"born_in_chaos_v1:ethereal_spirit":6,"minecraft:dandelion":3,"minecraft:torchflower_seeds":2,"minecraft:spruce_sapling":4,"minecraft:white_bed":10,"minecraft:spruce_log":2,"minecraft:spider_eye":3,"minecraft:purple_bed":3,"minecraft:slime_ball":1,"minecraft:stone_axe":1,"minecraft:rib_armor_trim_smithing_template":6,"minecraft:chainmail_leggings":1,"minecraft:iron_helmet":3,"minecraft:diamond_axe":2,"minecraft:gray_wool":1,"tombstone:magic_scroll":7,"minecraft:coal":51,"minecraft:hopper":1,"minecraft:ender_pearl":1},"minecraft:dropped":{"minecraft:iron_sword":7,"iceandfire:raw_silver":2,"minecraft:porkchop":3,"luminousworld:yellowpetunias":2,"minecraft:oak_log":2,"minecraft:chorus_fruit":9,"minecraft:glass_bottle":4,"minecraft:stripped_birch_wood":7,"iceandfire:chared_dirt":2,"minecraft:honeycomb":6,"minecraft:saddle":6,"minecraft:item_frame":2,"minecraft:dirt":10,"minecraft:chain":1,"minecraft:gold_nugget":9,"minecraft:glistering_melon_slice":24,"minecraft:iron_pickaxe":1,"minecraft:birch_log":1,"minecraft:bone":3,"minecraft:stone_axe":1,"minecraft:golden_chestplate":5,"minecraft:cobbled_deepslate":4,"minecraft:wheat":2,"minecraft:rotten_flesh":58,"minecraft:chainmail_chestplate":1,"supplementaries:ash":1,"luminousworld:grassflowers":5,"minecraft:gunpowder":2,"minecraft:charcoal":2,"minecraft:beetroot_seeds":3,"born_in_chaos_v1:corpse_maggot":7,"quark:forgotten_hat":2,"minecraft:chest":1,"minecraft:leather_leggings":1,"minecraft:white_dye":3,"minecraft:iron_bars":5,"minecraft:arrow":1,"iceandfire:manuscript":3,"minecraft:stone_hoe":1,"minecraft:bread":10,"minecraft:wheat_seeds":28,"minecraft:golden_horse_armor":8,"minecraft:poisonous_potato":1,"minecraft:iron_helmet":2,"minecraft:feather":3,"endrem:lost_eye":1,"minecraft:yellow_carpet":1,"minecraft:stick":2,"minecraft:oxeye_daisy":1,"minecraft:diamond_horse_armor":1,"tombstone:grave_key":1,"minecraft:rib_armor_trim_smithing_template":1,"tombstone:grave_dust":2,"minecraft:iron_leggings":2,"minecraft:pumpkin":13,"minecraft:iron_axe":1,"minecraft:string":10,"minecraft:acacia_planks":4,"minecraft:blue_terracotta":3,"minecraft:nether_wart":5,"minecraft:stone_sword":2,"minecraft:cocoa_beans":6,"born_in_chaos_v1:rotten_fish":1,"minecraft:clay_ball":8,"minecraft:iron_boots":2,"minecraft:stripped_oak_log":1,"iceandfire:armor_bronze_chestplate":2,"minecraft:pumpkin_seeds":2,"minecraft:flint_and_steel":4,"luminousworld:yellow_grassflowers":1,"aether:iron_gloves":1,"minecraft:bundle":2,"minecraft:spruce_planks":3,"minecraft:iron_chestplate":2,"luminousworld:groundpebbles_1":9,"minecraft:andesite":1,"minecraft:wooden_shovel":1,"minecraft:golden_sword":7,"minecraft:spider_eye":3,"minecraft:stone_bricks":2,"minecraft:barrel":11,"minecraft:spruce_log":2,"minecraft:diamond_boots":1,"luminousworld:blue_petunias":2,"minecraft:wooden_pickaxe":2,"minecraft:stone_pickaxe":1},"minecraft:custom":{"minecraft:animals_bred":2,"minecraft:interact_with_crafting_table":39,"minecraft:open_barrel":33,"minecraft:eat_cake_slice":6,"minecraft:leave_game":18,"minecraft:time_since_death":121709,"minecraft:sprint_one_cm":783603,"minecraft:damage_blocked_by_shield":785,"minecraft:drop":229,"minecraft:talked_to_villager":16,"minecraft:play_time":648572,"minecraft:deaths":37,"minecraft:jump":8112,"minecraft:walk_on_water_one_cm":131092,"minecraft:interact_with_furnace":11,"minecraft:sleep_in_bed":32,"minecraft:damage_dealt":48129,"minecraft:crouch_one_cm":33926,"tombstone:undead_killed":101,"minecraft:interact_with_smithing_table":2,"minecraft:inspect_dispenser":1,"minecraft:horse_one_cm":1053613,"minecraft:interact_with_anvil":4,"minecraft:mob_kills":184,"minecraft:damage_dealt_resisted":355,"minecraft:climb_one_cm":63076,"minecraft:walk_one_cm":1281389,"minecraft:sneak_time":21545,"minecraft:walk_under_water_one_cm":51462,"minecraft:interact_with_blast_furnace":2,"minecraft:total_world_time":648572,"tombstone:raider_killed":2,"minecraft:time_since_rest":79629,"minecraft:damage_taken":19658,"minecraft:damage_absorbed":400,"minecraft:trigger_trapped_chest":9,"tombstone:cast_on_ally":0,"minecraft:swim_one_cm":34631,"minecraft:fly_one_cm":1423238,"minecraft:open_chest":132,"minecraft:fall_one_cm":286987},"minecraft:killed":{"born_in_chaos_v1:zombie_lumberjack":1,"minecraft:spider":3,"enemyexpansion:equestrian":1,"undead_revamp2:thesmoker":2,"naturalist:robin":1,"born_in_chaos_v1:siamese_skeletonsright":2,"quark:forgotten":1,"undead_revamp2:theswarmer":2,"born_in_chaos_v1:scarlet_persecutor":3,"naturalist:snail":1,"minecraft:skeleton":11,"minecraft:bee":1,"artifacts:mimic":1,"born_in_chaos_v1:diamond_termite":7,"minecraft:zombie_villager":1,"minecraft:iron_golem":1,"minecraft:creeper":1,"minecraft:sheep":1,"minecraft:zombie":29,"born_in_chaos_v1:corpse_fly":2,"enemyexpansion:botfly":13,"born_in_chaos_v1:door_knight":1,"born_in_chaos_v1:siamese_skeletonsleft":1,"minecraft:cow":4,"alexsmobs:raccoon":1,"luminousworld:sunken_skeleton":2,"alexsmobs:seagull":2,"enemyexpansion:direwolf":5,"born_in_chaos_v1:zombie_bruiser":3,"born_in_chaos_v1:maggot":7,"minecraft:phantom":2,"minecraft:horse":2,"iceandfire:fire_dragon":3,"takesapillage:clay_golem":1,"undead_revamp2:thebidy":1,"born_in_chaos_v1:corpse_fish":1,"undead_revamp2:sucker":11,"born_in_chaos_v1:barrel_zombie":1,"friendsandfoes:copper_golem":1,"born_in_chaos_v1:fallen_chaos_knight":1,"earthmobsmod:bouldering_zombie":1,"iceandfire:cyclops":1,"born_in_chaos_v1:baby_skeleton":2,"born_in_chaos_v1:swarmer":1,"undead_revamp2:the_moonflower":5,"enemyexpansion:troll":1,"enemyexpansion:sprinter":4,"minecraft:hoglin":1,"earthmobsmod:wooly_cow":2,"born_in_chaos_v1:decrepit_skeleton":2,"born_in_chaos_v1:bloody_gadfly":1,"iceandfire:ghost":4,"minecraft:wither_skeleton":9,"minecraft:enderman":1,"enemyexpansion:slugger":2},"minecraft:mined":{"luminousworld:white_petunias":1,"minecraft:spruce_planks":16,"minecraft:white_bed":10,"iceandfire:graveyard_soil":11,"minecraft:jungle_slab":1,"minecraft:cobblestone_stairs":1,"minecraft:grass_block":144,"minecraft:yellow_carpet":1,"minecraft:hopper":1,"minecraft:oxeye_daisy":1,"minecraft:spawner":11,"minecraft:iron_ore":1,"minecraft:barrel":11,"minecraft:fire":24,"minecraft:anvil":2,"minecraft:azure_bluet":1,"iceandfire:gold_pile":85,"minecraft:dirt_path":2,"minecraft:oak_stairs":1,"minecraft:iron_bars":6,"minecraft:end_stone_bricks":5,"minecraft:iron_block":1,"minecraft:spruce_slab":2,"iceandfire:chared_cobblestone":4,"minecraft:cut_sandstone":4,"born_in_chaos_v1:infected_deepslate_diamond_ore":3,"minecraft:clay":1,"minecraft:torch":22,"iceandfire:ghost_chest":2,"minecraft:chest":17,"minecraft:cobblestone":32,"minecraft:oak_planks":42,"minecraft:sugar_cane":5,"placeablesmod:bread_full_block":4,"minecraft:iron_door":1,"minecraft:wall_torch":8,"minecraft:seagrass":1,"minecraft:blue_terracotta":3,"minecraft:wheat":2,"minecraft:black_bed":1,"minecraft:stone_brick_stairs":7,"minecraft:grass":79,"minecraft:oak_log":41,"minecraft:dirt":624,"minecraft:sand":2,"luminousworld:grassvariant_3":7,"minecraft:stripped_birch_wood":9,"minecraft:oak_leaves":5,"minecraft:deepslate":5,"minecraft:dark_prismarine":7,"luminousworld:groundpebbles_1":1,"iceandfire:silver_ore":2,"minecraft:dark_oak_leaves":1,"minecraft:deepslate_diamond_ore":1,"luminousworld:mossbuds_1":1,"luminousworld:grassvariant_2":18,"iceandfire:chared_dirt":2,"minecraft:spruce_leaves":4,"minecraft:large_fern":2,"minecraft:hay_block":101,"minecraft:andesite":23,"luminousworld:mossbuds_3":1,"minecraft:vine":2,"minecraft:rail":2,"minecraft:stripped_oak_log":2,"minecraft:stone":335,"minecraft:bone_block":4,"sophisticatedbackpacks:backpack":2,"minecraft:oak_slab":3,"minecraft:glass_pane":2,"minecraft:observer":1,"minecraft:dandelion":1,"minecraft:oak_fence":5,"minecraft:crafting_table":3,"minecraft:rose_bush":1,"minecraft:campfire":1,"luminousworld:grassflowers":1,"minecraft:copper_ore":1,"minecraft:tall_grass":18,"supplementaries:urn":12,"minecraft:gray_wool":1,"minecraft:purple_bed":3,"minecraft:white_carpet":3,"minecraft:yellow_bed":6,"minecraft:coal_ore":33,"minecraft:cobweb":46,"minecraft:cracked_stone_bricks":3,"minecraft:stripped_acacia_wood":2,"minecraft:stone_bricks":16,"minecraft:mossy_stone_bricks":2,"minecraft:fern":1}},"DataVersion":3465}