{"stats":{"minecraft:killed_by":{"undead_revamp2:the_moonflower":1,"enemyexpansion:huntsman":1,"minecraft:zombie":3,"minecraft:husk":3,"enemyexpansion:botfly":1,"iceandfire:ghost":2,"undead_revamp2:thebeartamer":1,"minecraft:wither_skeleton":1,"iceandfire:cyclops":2,"iceandfire:sea_serpent":1,"iceandfire:fire_dragon":33,"iceandfire:gorgon":9},"minecraft:crafted":{"sophisticatedbackpacks:crafting_upgrade":1,"minecraft:diamond_shovel":1,"minecraft:diamond_helmet":2,"minecraft:wooden_shovel":1,"iceandfire:armor_gray_chestplate":1,"quark:oak_chest":2,"minecraft:iron_pickaxe":1,"minecraft:gold_ingot":104,"minecraft:netherite_ingot":1,"iceandfire:dragon_flute":1,"minecraft:stone_pickaxe":2,"minecraft:wheat":243,"iceandfire:dragonbone_sword":1,"sophisticatedbackpacks:gold_backpack":1,"minecraft:golden_apple":19,"minecraft:white_bed":1,"iceandfire:armor_bronze_leggings":1,"minecraft:oak_planks":156,"minecraft:stone_hoe":1,"minecraft:oak_fence":3,"minecraft:oak_slab":6,"sophisticatedbackpacks:backpack":1,"minecraft:crafting_table":8,"minecraft:wooden_pickaxe":2,"minecraft:baked_potato":8,"sophisticatedbackpacks:upgrade_base":1,"minecraft:dark_oak_slab":6,"minecraft:shield":2,"sophisticatedbackpacks:diamond_backpack":1,"minecraft:stick":44,"minecraft:stone_sword":3,"vanillaplustools:diamond_hammer":1,"iceandfire:armor_bronze_helmet":2,"artifacts:eternal_steak":1,"iceandfire:armor_gray_leggings":1,"iceandfire:dragon_stick":1,"minecraft:furnace":2,"iceandfire:armor_bronze_chestplate":1,"sophisticatedbackpacks:iron_backpack":1,"minecraft:diamond_sword":1,"iceandfire:armor_bronze_boots":1,"minecraft:iron_sword":1,"tombstone:ankh_of_pray":1,"minecraft:bucket":2,"minecraft:stone_axe":3,"minecraft:bread":81,"iceandfire:dragonbone_pickaxe":1,"minecraft:air":0,"minecraft:gold_nugget":63,"minecraft:torch":4},"minecraft:picked_up":{"minecraft:birch_door":5,"minecraft:iron_chestplate":2,"minecraft:chainmail_boots":2,"minecraft:anvil":3,"minecraft:prismarine_shard":7,"minecraft:lead":1,"minecraft:oak_stairs":8,"minecraft:enchanted_book":2,"minecraft:golden_sword":7,"minecraft:polished_deepslate_wall":1,"iceandfire:manuscript":11,"minecraft:polished_deepslate":3,"minecraft:string":69,"minecraft:red_nether_bricks":2,"minecraft:gold_nugget":1002,"minecraft:cobbled_deepslate":29,"minecraft:spruce_planks":7,"minecraft:acacia_fence_gate":2,"born_in_chaos_v1:shattered_skull":1,"minecraft:green_bed":1,"iceandfire:armor_bronze_chestplate":1,"minecraft:golden_chestplate":5,"minecraft:rabbit_foot":3,"luminousworld:grassflowers":5,"minecraft:stone_sword":2,"quark:clear_shard":16,"artifacts:lucky_scarf":1,"luminousworld:yellow_grassflowers":3,"iceandfire:deathworm_chitin_yellow":8,"iceandfire:fire_dragon_heart":6,"minecraft:iron_block":1,"supplementaries:ash":86,"minecraft:iron_bars":6,"minecraft:birch_log":1,"minecraft:feather":3,"minecraft:iron_door":1,"minecraft:brown_wool":2,"minecraft:lantern":7,"born_in_chaos_v1:marigolds":1,"minecraft:purple_carpet":2,"minecraft:honeycomb":6,"luminousworld:bass_item":2,"endrem:lost_eye":1,"minecraft:stripped_acacia_wood":2,"iceandfire:dragon_skull_fire":7,"iceandfire:shiny_scales":21,"minecraft:dark_oak_log":1,"minecraft:barrel":14,"naturalist:duck_egg":1,"iceandfire:chared_cobblestone":65,"minecraft:bundle":5,"minecraft:blue_terracotta":3,"luminousworld:yellowpetunias":2,"minecraft:granite":35,"minecraft:chainmail_helmet":1,"minecraft:golden_horse_armor":8,"minecraft:bread":77,"iceandfire:gorgon_head":1,"born_in_chaos_v1:rotten_fish":1,"iceandfire:raw_silver":6,"iceandfire:siren_tear":1,"luminousworld:groundpebbles_1":12,"minecraft:crafting_table":3,"iceandfire:witherbone":5,"minecraft:nether_wart":54,"minecraft:clay_ball":8,"born_in_chaos_v1:seedof_chaos":3,"luminousworld:trout":3,"quark:dark_oak_chest":1,"minecraft:red_bed":12,"minecraft:flint_and_steel":5,"minecraft:netherite_scrap":4,"minecraft:white_carpet":2,"minecraft:iron_shovel":1,"supplementaries:bomb":3,"iceandfire:graveyard_soil":10,"minecraft:cracked_stone_bricks":3,"minecraft:cartography_table":2,"minecraft:beef":14,"minecraft:poppy":3,"minecraft:spruce_slab":2,"minecraft:chest":24,"minecraft:sandstone":1,"luminousworld:blue_petunias":2,"minecraft:oak_door":1,"ecologics:stripped_walnut_log":2,"sophisticatedbackpacks:backpack":2,"minecraft:white_dye":3,"iceandfire:deathworm_chitin_white":4,"born_in_chaos_v1:pieceofdarkmetal":5,"minecraft:carrot":53,"minecraft:prismarine_crystals":13,"minecraft:tnt":1,"artifacts:everlasting_beef":1,"minecraft:beetroot_seeds":7,"minecraft:diamond_boots":2,"minecraft:hay_block":102,"minecraft:yellow_terracotta":1,"tombstone:essence_of_undeath":2,"minecraft:gold_ingot":53,"minecraft:glow_berries":1,"minecraft:mutton":9,"minecraft:white_wool":6,"minecraft:bone_block":13,"minecraft:rail":3,"minecraft:oxeye_daisy":1,"minecraft:stripped_oak_log":2,"born_in_chaos_v1:monster_flesh":7,"luminousworld:ishstone":133,"minecraft:acacia_wood":2,"minecraft:oak_log":60,"minecraft:apple":15,"minecraft:stone_bricks":37,"minecraft:kelp":37,"minecraft:oak_fence_gate":1,"minecraft:cobweb":19,"tombstone:bag_of_seeds":2,"minecraft:glass_bottle":1,"minecraft:iron_sword":17,"minecraft:dark_oak_stairs":10,"iceandfire:chared_stone":7,"minecraft:dark_oak_slab":2,"enemyexpansion:phantom_eye":1,"iceandfire:dragonbone_sword":14,"born_in_chaos_v1:ethereal_spirit":7,"minecraft:torchflower_seeds":2,"minecraft:gravel":11,"minecraft:spruce_sapling":4,"born_in_chaos_v1:fangofthe_hound_leader":2,"minecraft:spruce_log":2,"minecraft:diamond_shovel":1,"minecraft:purple_bed":3,"minecraft:slime_ball":7,"minecraft:stone_axe":1,"minecraft:rib_armor_trim_smithing_template":6,"minecraft:diamond_axe":8,"minecraft:gray_wool":1,"minecraft:hopper":1,"minecraft:ender_pearl":1,"iceandfire:deathworm_egg":1,"minecraft:wheat":8,"illagerinvasion:platinum_chunk":4,"supplementaries:bomb_blue":1,"aether:iron_gloves":3,"earthmobsmod:fancy_egg":1,"minecraft:potion":7,"minecraft:stone_brick_stairs":4,"minecraft:raw_copper":48,"minecraft:iron_leggings":1,"minecraft:experience_bottle":2,"minecraft:oak_sign":1,"minecraft:red_sand":33,"minecraft:tnt_minecart":1,"minecraft:rose_bush":1,"minecraft:redstone_torch":1,"minecraft:calcite":1,"quark:black_shard":3,"minecraft:iron_pickaxe":3,"minecraft:iron_boots":3,"minecraft:tipped_arrow":1,"minecraft:stick":1,"iceandfire:ghost_chest":5,"minecraft:oak_fence":9,"minecraft:torch":126,"ecologics:coconut_seedling":4,"minecraft:spruce_stairs":2,"luminousworld:savannah_soil":3,"minecraft:porkchop":6,"born_in_chaos_v1:nightmare_claw":1,"tombstone:grave_dust":40,"minecraft:diorite":44,"aether:golden_gloves":1,"minecraft:rotten_flesh":175,"supplementaries:antique_ink":10,"ecologics:coconut_log":22,"minecraft:stripped_birch_wood":9,"minecraft:obsidian":12,"minecraft:cobblestone":1485,"luminousworld:savannah_ground":2,"ecologics:walnut":2,"minecraft:leather_chestplate":1,"minecraft:andesite":43,"minecraft:black_bed":13,"minecraft:golden_leggings":1,"minecraft:potato":1,"minecraft:tuff":6,"supplementaries:flax_seeds":8,"minecraft:dirt":738,"iceandfire:dragonscales_bronze":72,"born_in_chaos_v1:monster_skin":5,"minecraft:bone":104,"minecraft:bow":2,"minecraft:wheat_seeds":48,"tombstone:scroll_of_reach":1,"minecraft:oak_planks":52,"minecraft:cooked_porkchop":1,"minecraft:poisonous_potato":1,"earthmobsmod:harder_flesh":4,"minecraft:sand":30,"minecraft:jungle_slab":2,"minecraft:dark_prismarine":7,"minecraft:diamond":80,"minecraft:soul_lantern":1,"minecraft:golden_apple":19,"minecraft:spruce_sign":4,"minecraft:emerald":49,"minecraft:netherrack":6,"minecraft:oak_sapling":1,"minecraft:chorus_fruit":9,"minecraft:end_stone_bricks":4,"minecraft:fishing_rod":1,"minecraft:cocoa_beans":10,"minecraft:charcoal":2,"born_in_chaos_v1:diamond_termite_shard":6,"minecraft:allium":1,"minecraft:azure_bluet":1,"minecraft:splash_potion":5,"minecraft:stone_brick_wall":7,"minecraft:diamond_horse_armor":3,"minecraft:chain":2,"minecraft:iron_axe":2,"luminousworld:sunny":1,"minecraft:item_frame":3,"minecraft:birch_fence":1,"minecraft:cyan_carpet":1,"ecologics:walnut_sapling":1,"minecraft:candle":1,"minecraft:oak_boat":3,"minecraft:observer":1,"minecraft:sugar_cane":8,"iceandfire:dragonscales_gray":18,"minecraft:raw_iron":8,"iceandfire:dragonbone":86,"minecraft:stripped_mangrove_wood":8,"iceandfire:dragonscales_green":3,"ecologics:coconut_slice":6,"minecraft:copper_ingot":14,"minecraft:stone_button":25,"minecraft:cookie":20,"luminousworld:beastiary":3,"tombstone:scroll_of_purification":2,"minecraft:dark_oak_planks":9,"iceandfire:silver_ingot":2,"minecraft:arrow":37,"iceandfire:cyclops_eye":1,"minecraft:pumpkin_pie":56,"iceandfire:chared_dirt":2,"minecraft:stripped_dark_oak_wood":2,"minecraft:saddle":10,"minecraft:glistering_melon_slice":24,"minecraft:brick_stairs":1,"born_in_chaos_v1:trident_hayfork":1,"minecraft:skeleton_skull":2,"born_in_chaos_v1:fused_bone":3,"born_in_chaos_v1:corpse_maggot":22,"minecraft:golden_carrot":95,"artifacts:digging_claws":1,"minecraft:cut_sandstone":4,"minecraft:leather":14,"quark:smithing_template_rune":7,"minecraft:chainmail_chestplate":3,"iceandfire:ectoplasm":3,"minecraft:gunpowder":21,"minecraft:yellow_bed":6,"minecraft:cobblestone_wall":1,"minecraft:cobblestone_stairs":6,"tombstone:voodoo_poppet":2,"quark:forgotten_hat":3,"minecraft:gray_carpet":4,"minecraft:rabbit_hide":12,"minecraft:iron_ingot":41,"artifacts:whoopee_cushion":1,"iceandfire:fire_dragon_flesh":20,"sophisticatedbackpacks:diamond_backpack":1,"minecraft:book":1,"minecraft:oak_slab":3,"minecraft:pumpkin":43,"iceandfire:ash":8,"minecraft:dandelion":5,"luminousworld:sunset_petunias":1,"minecraft:amethyst_shard":13,"minecraft:white_bed":14,"minecraft:nether_brick_slab":3,"minecraft:spider_eye":5,"minecraft:brick_slab":4,"minecraft:chainmail_leggings":2,"minecraft:iron_helmet":4,"tombstone:magic_scroll":11,"minecraft:coal":119},"minecraft:mined":{"minecraft:dark_oak_planks":6,"minecraft:white_bed":14,"iceandfire:copper_pile":1,"minecraft:red_nether_bricks":2,"minecraft:granite":36,"minecraft:stone_brick_wall":1,"minecraft:yellow_carpet":1,"minecraft:hopper":1,"minecraft:oxeye_daisy":1,"minecraft:spawner":23,"minecraft:tall_seagrass":7,"minecraft:fire":82,"minecraft:barrel":12,"minecraft:stripped_dark_oak_wood":2,"iceandfire:gold_pile":85,"minecraft:dirt_path":2,"minecraft:oak_stairs":1,"minecraft:stripped_mangrove_wood":9,"minecraft:iron_block":1,"minecraft:player_head":1,"minecraft:tripwire":1,"minecraft:cut_sandstone":4,"minecraft:red_bed":12,"minecraft:kelp_plant":3,"born_in_chaos_v1:infected_deepslate_diamond_ore":3,"minecraft:torch":34,"minecraft:nether_brick_slab":2,"minecraft:spruce_wall_sign":1,"minecraft:glass":4,"minecraft:sugar_cane":5,"sophisticatedbackpacks:diamond_backpack":1,"minecraft:wheat":2,"minecraft:birch_door":5,"minecraft:black_bed":13,"minecraft:stone_brick_stairs":7,"minecraft:grass":127,"luminousworld:grassvariant_3":8,"minecraft:stripped_birch_wood":9,"minecraft:deepslate":8,"luminousworld:savannah_ground":2,"minecraft:yellow_terracotta":1,"minecraft:dark_prismarine":7,"iceandfire:silver_ore":8,"minecraft:mossy_cobblestone":3,"luminousworld:mossbuds_1":1,"luminousworld:grassvariant_2":25,"minecraft:cartography_table":1,"minecraft:kelp":1,"minecraft:black_stained_glass_pane":1,"minecraft:acacia_wood":2,"minecraft:andesite":51,"luminousworld:mossbuds_3":1,"minecraft:vine":11,"minecraft:rail":2,"minecraft:bone_block":4,"luminousworld:savannah_soil":3,"minecraft:oak_slab":6,"minecraft:glass_pane":2,"minecraft:observer":1,"minecraft:dandelion":1,"minecraft:emerald_ore":4,"minecraft:campfire":1,"luminousworld:grassflowers":1,"minecraft:tall_grass":41,"minecraft:copper_ore":12,"minecraft:diorite":37,"ecologics:stripped_walnut_log":2,"minecraft:black_stained_glass":1,"minecraft:purple_bed":3,"minecraft:cobblestone_wall":3,"minecraft:white_carpet":3,"luminousworld:ishstone":86,"minecraft:gravel":9,"minecraft:cobweb":60,"minecraft:stone_bricks":18,"luminousworld:elephant_grass":1,"minecraft:fern":1,"luminousworld:white_petunias":1,"minecraft:spruce_planks":16,"iceandfire:graveyard_soil":11,"minecraft:jungle_slab":1,"minecraft:cobblestone_stairs":6,"minecraft:budding_amethyst":1,"minecraft:grass_block":167,"minecraft:iron_ore":4,"minecraft:anvil":3,"minecraft:azure_bluet":1,"minecraft:dark_oak_stairs":5,"supplementaries:stick":1,"minecraft:iron_bars":6,"ecologics:walnut_log":7,"minecraft:end_stone_bricks":5,"minecraft:spruce_slab":3,"minecraft:green_bed":1,"iceandfire:chared_cobblestone":69,"ecologics:pot":2,"minecraft:soul_lantern":1,"minecraft:clay":1,"minecraft:calcite":1,"minecraft:poppy":2,"iceandfire:ghost_chest":4,"minecraft:chest":17,"minecraft:cobblestone":111,"minecraft:oak_planks":44,"placeablesmod:bread_full_block":4,"minecraft:iron_door":1,"minecraft:wall_torch":16,"minecraft:seagrass":4,"placeablesmod:gold_apple_block":2,"minecraft:blue_terracotta":3,"minecraft:dark_oak_slab":1,"minecraft:birch_log":8,"minecraft:oak_log":41,"minecraft:sand":30,"minecraft:dirt":637,"minecraft:netherrack":3,"minecraft:polished_deepslate_wall":1,"minecraft:oak_leaves":5,"iceandfire:chared_stone":7,"luminousworld:groundpebbles_1":1,"minecraft:dark_oak_leaves":1,"minecraft:deepslate_diamond_ore":4,"iceandfire:chared_dirt":2,"ecologics:coconut_log":34,"minecraft:spruce_leaves":4,"minecraft:sandstone":1,"minecraft:large_fern":2,"minecraft:hay_block":101,"luminousworld:yellow_grassflowers":1,"minecraft:polished_deepslate":3,"minecraft:deepslate_iron_ore":2,"minecraft:stripped_oak_log":2,"minecraft:stone":1477,"sophisticatedbackpacks:backpack":2,"minecraft:oak_fence":5,"minecraft:crafting_table":3,"minecraft:rose_bush":1,"supplementaries:urn":61,"minecraft:gray_wool":1,"minecraft:brick_slab":9,"minecraft:yellow_bed":6,"minecraft:coal_ore":79,"minecraft:cyan_carpet":1,"minecraft:gray_carpet":4,"minecraft:cracked_stone_bricks":7,"minecraft:stripped_acacia_wood":2,"minecraft:mossy_stone_bricks":2,"minecraft:birch_fence":1},"minecraft:custom":{"minecraft:interact_with_crafting_table":48,"minecraft:open_barrel":116,"minecraft:bell_ring":8,"minecraft:eat_cake_slice":8,"minecraft:leave_game":21,"minecraft:time_since_death":41,"minecraft:damage_blocked_by_shield":2058,"minecraft:play_time":1175261,"minecraft:deaths":72,"minecraft:jump":17308,"minecraft:interact_with_furnace":18,"minecraft:interact_with_cartography_table":1,"minecraft:sleep_in_bed":57,"tombstone:sneak_grave":1,"minecraft:damage_dealt":130894,"tombstone:undead_killed":269,"minecraft:inspect_dispenser":1,"minecraft:horse_one_cm":2030386,"minecraft:interact_with_smithing_table":5,"minecraft:interact_with_anvil":6,"minecraft:target_hit":3,"minecraft:sneak_time":47752,"minecraft:interact_with_blast_furnace":3,"minecraft:total_world_time":1175261,"tombstone:raider_killed":17,"minecraft:time_since_rest":1,"tombstone:cast_on_ally":0,"minecraft:swim_one_cm":179744,"minecraft:fly_one_cm":4387536,"minecraft:open_chest":235,"minecraft:fall_one_cm":1092169,"minecraft:animals_bred":2,"minecraft:sprint_one_cm":1559360,"minecraft:drop":586,"minecraft:talked_to_villager":18,"minecraft:walk_on_water_one_cm":293950,"minecraft:crouch_one_cm":82688,"minecraft:mob_kills":457,"minecraft:damage_dealt_resisted":1545,"minecraft:climb_one_cm":132429,"minecraft:walk_one_cm":2260204,"minecraft:walk_under_water_one_cm":165608,"minecraft:boat_one_cm":215235,"tombstone:exorcism":1,"minecraft:damage_taken":2147483647,"minecraft:damage_absorbed":1309,"minecraft:trigger_trapped_chest":38},"minecraft:killed":{"minecraft:cave_spider":1,"earthmobsmod:jumbo_rabbit":1,"born_in_chaos_v1:restless_spirit":2,"born_in_chaos_v1:zombie_lumberjack":1,"iceandfire:gorgon":1,"enemyexpansion:equestrian":4,"naturalist:robin":1,"born_in_chaos_v1:siamese_skeletonsright":2,"born_in_chaos_v1:baby_skeleton_minion":2,"undead_revamp2:theswarmer":2,"minecraft:skeleton":50,"minecraft:guardian":1,"enemyexpansion:vampflyer":4,"iceandfire:myrmex_worker":1,"minecraft:iron_golem":2,"minecraft:pillager":8,"minecraft:zombie":54,"enemyexpansion:vampire":2,"born_in_chaos_v1:corpse_fly":3,"enemyexpansion:botfly":17,"born_in_chaos_v1:door_knight":1,"minecraft:cow":4,"alexsmobs:raccoon":2,"minecraft:vindicator":7,"quark:toretoise":1,"alexsmobs:seagull":2,"enemyexpansion:goblin_fear":2,"minecraft:horse":2,"born_in_chaos_v1:dire_hound_leader":1,"enemyexpansion:faller":1,"iceandfire:siren":5,"undead_revamp2:thebidy":1,"born_in_chaos_v1:barrel_zombie":2,"friendsandfoes:copper_golem":3,"minecraft:husk":37,"earthmobsmod:bouldering_zombie":6,"iceandfire:cyclops":2,"undead_revamp2:the_moonflower":6,"enemyexpansion:sprinter":5,"earthmobsmod:wooly_cow":2,"born_in_chaos_v1:decrepit_skeleton":3,"born_in_chaos_v1:bloody_gadfly":4,"undead_revamp2:thesomnolence":1,"iceandfire:ghost":30,"minecraft:enderman":1,"minecraft:spider":7,"undead_revamp2:thesmoker":4,"born_in_chaos_v1:scarlet_persecutor":3,"quark:forgotten":1,"naturalist:snail":1,"minecraft:bee":1,"undead_revamp2:therod":4,"artifacts:mimic":4,"born_in_chaos_v1:bonescaller":2,"minecraft:pig":1,"minecraft:zombie_villager":1,"born_in_chaos_v1:diamond_termite":7,"earthmobsmod:lobber_zombie":1,"minecraft:creeper":2,"minecraft:sheep":1,"cataclysm:deepling_brute":1,"born_in_chaos_v1:dread_hound":13,"born_in_chaos_v1:siamese_skeletonsleft":1,"undead_revamp2:thegliter":3,"luminousworld:sunken_skeleton":2,"minecraft:slime":1,"enemyexpansion:direwolf":10,"alexsmobs:rattlesnake":1,"born_in_chaos_v1:zombie_bruiser":3,"born_in_chaos_v1:maggot":16,"minecraft:phantom":2,"iceandfire:fire_dragon":5,"takesapillage:clay_golem":1,"minecraft:drowned":3,"born_in_chaos_v1:corpse_fish":3,"iceandfire:deathworm":3,"enemyexpansion:goblin":2,"undead_revamp2:sucker":11,"luminousworld:savannah_zombie":2,"alexsmobs:flying_fish":1,"born_in_chaos_v1:fallen_chaos_knight":1,"born_in_chaos_v1:baby_skeleton":2,"born_in_chaos_v1:swarmer":1,"enemyexpansion:troll":1,"minecraft:hoglin":1,"enemyexpansion:huntsman":1,"born_in_chaos_v1:nightmare_stalker":1,"minecraft:wither_skeleton":9,"enemyexpansion:slugger":4},"minecraft:dropped":{"minecraft:iron_sword":10,"iceandfire:raw_silver":6,"minecraft:porkchop":5,"minecraft:stripped_mangrove_wood":2,"minecraft:chorus_fruit":9,"minecraft:glass_bottle":4,"luminousworld:bass_item":2,"minecraft:dark_oak_slab":5,"minecraft:cookie":15,"minecraft:glow_berries":1,"iceandfire:ectoplasm":3,"minecraft:cracked_stone_bricks":2,"minecraft:saddle":6,"minecraft:item_frame":3,"born_in_chaos_v1:monster_flesh":6,"minecraft:dirt":11,"luminousworld:sunny":1,"luminousworld:trout":3,"minecraft:stone_button":22,"minecraft:chain":1,"minecraft:gold_nugget":24,"minecraft:sand":27,"minecraft:iron_pickaxe":1,"minecraft:dark_oak_planks":3,"minecraft:bone":12,"quark:black_shard":3,"minecraft:stone_axe":1,"minecraft:golden_chestplate":5,"minecraft:cobbled_deepslate":14,"minecraft:wheat":8,"minecraft:rotten_flesh":144,"minecraft:rabbit_foot":3,"supplementaries:flax_seeds":8,"luminousworld:grassflowers":6,"iceandfire:ghost_chest":2,"born_in_chaos_v1:fangofthe_hound_leader":2,"minecraft:charcoal":2,"iceandfire:deathworm_chitin_white":4,"minecraft:leather_leggings":1,"minecraft:white_dye":3,"born_in_chaos_v1:marigolds":1,"iceandfire:manuscript":6,"minecraft:cartography_table":2,"luminousworld:beastiary":2,"iceandfire:dragonbone_sword":2,"minecraft:wheat_seeds":50,"luminousworld:ishstone":130,"minecraft:golden_horse_armor":8,"minecraft:iron_helmet":3,"minecraft:feather":3,"minecraft:cobblestone":296,"minecraft:prismarine_crystals":13,"artifacts:whoopee_cushion":1,"minecraft:apple":1,"endrem:lost_eye":1,"minecraft:chainmail_helmet":1,"minecraft:yellow_carpet":1,"minecraft:coal":3,"minecraft:oxeye_daisy":1,"minecraft:cobweb":11,"minecraft:diamond_horse_armor":1,"minecraft:rib_armor_trim_smithing_template":1,"minecraft:oak_stairs":7,"minecraft:pumpkin":13,"minecraft:smooth_stone":1,"minecraft:chainmail_leggings":1,"minecraft:string":19,"minecraft:gray_carpet":4,"minecraft:acacia_planks":4,"iceandfire:dragon_skull_fire":1,"minecraft:stone_sword":2,"minecraft:cobblestone_wall":1,"minecraft:cocoa_beans":6,"minecraft:smooth_stone_slab":1,"born_in_chaos_v1:rotten_fish":1,"minecraft:clay_ball":8,"minecraft:iron_boots":3,"iceandfire:armor_bronze_chestplate":2,"earthmobsmod:harder_flesh":4,"minecraft:pumpkin_seeds":2,"minecraft:potato":4,"minecraft:hay_block":1,"ecologics:walnut":2,"minecraft:spruce_planks":3,"minecraft:bundle":2,"iceandfire:silver_ingot":2,"minecraft:wooden_shovel":1,"minecraft:spider_eye":5,"minecraft:stone_bricks":30,"minecraft:barrel":12,"minecraft:bow":2,"luminousworld:blue_petunias":2,"minecraft:brick_slab":4,"minecraft:spruce_sign":3,"minecraft:dark_oak_stairs":10,"luminousworld:yellowpetunias":2,"minecraft:oak_log":2,"ecologics:coconut_slice":6,"minecraft:stripped_birch_wood":7,"iceandfire:chared_dirt":2,"minecraft:lantern":4,"minecraft:honeycomb":6,"iceandfire:graveyard_soil":6,"minecraft:cobblestone_stairs":4,"born_in_chaos_v1:monster_skin":5,"iceandfire:ash":5,"minecraft:glistering_melon_slice":24,"minecraft:birch_log":1,"minecraft:gravel":2,"ecologics:stripped_walnut_log":2,"minecraft:diamond_shovel":1,"minecraft:carrot":2,"supplementaries:antique_ink":10,"minecraft:chainmail_chestplate":3,"minecraft:leather_chestplate":1,"minecraft:poppy":2,"minecraft:rabbit_hide":12,"minecraft:oak_fence_gate":1,"supplementaries:ash":70,"minecraft:gunpowder":3,"minecraft:skeleton_skull":2,"minecraft:beetroot_seeds":4,"born_in_chaos_v1:corpse_maggot":16,"minecraft:stone_brick_wall":6,"minecraft:birch_door":5,"quark:forgotten_hat":2,"minecraft:chest":1,"minecraft:chainmail_boots":2,"minecraft:iron_bars":5,"minecraft:arrow":4,"iceandfire:deathworm_chitin_yellow":8,"minecraft:netherrack":6,"minecraft:purple_carpet":1,"minecraft:stone_hoe":1,"minecraft:bread":14,"minecraft:oak_slab":2,"luminousworld:sunset_petunias":1,"minecraft:poisonous_potato":1,"minecraft:prismarine_shard":7,"ecologics:coconut_seedling":4,"minecraft:copper_ingot":8,"minecraft:stick":2,"quark:clear_shard":13,"illagerinvasion:platinum_chunk":3,"minecraft:diorite":41,"tombstone:grave_key":1,"iceandfire:silver_sword":1,"tombstone:grave_dust":5,"minecraft:iron_leggings":2,"minecraft:iron_axe":2,"minecraft:dandelion":2,"minecraft:nether_brick_slab":3,"minecraft:blue_terracotta":3,"minecraft:kelp":32,"minecraft:nether_wart":5,"minecraft:raw_copper":40,"minecraft:tuff":4,"minecraft:raw_iron":6,"minecraft:stripped_oak_log":1,"minecraft:flint_and_steel":4,"luminousworld:yellow_grassflowers":4,"minecraft:filled_map":2,"aether:iron_gloves":2,"iceandfire:chared_cobblestone":59,"minecraft:iron_chestplate":2,"luminousworld:groundpebbles_1":12,"minecraft:andesite":17,"minecraft:golden_leggings":1,"minecraft:oak_sapling":1,"minecraft:golden_sword":7,"minecraft:diamond_boots":1,"minecraft:spruce_log":2,"minecraft:stone_pickaxe":1,"minecraft:wooden_pickaxe":2},"minecraft:used":{"minecraft:spruce_slab":2,"minecraft:poppy":1,"minecraft:chest":7,"earthmobsmod:fancy_egg":1,"minecraft:jungle_slab":2,"minecraft:allium":1,"minecraft:azure_bluet":1,"iceandfire:ghost_chest":2,"minecraft:dark_oak_slab":3,"minecraft:stone_brick_stairs":4,"supplementaries:bomb_blue":1,"minecraft:bow":13,"supplementaries:ash":7,"minecraft:furnace":3,"minecraft:diorite":3,"minecraft:leather_leggings":1,"minecraft:end_stone_bricks":4,"minecraft:leather_chestplate":1,"minecraft:wooden_pickaxe":33,"artifacts:eternal_steak":159,"tombstone:scroll_of_true_sight":1,"naturalist:duck_egg":1,"minecraft:golden_apple":34,"minecraft:sand":2,"minecraft:birch_fence":1,"born_in_chaos_v1:monster_flesh":1,"minecraft:cyan_carpet":1,"minecraft:soul_lantern":1,"minecraft:diamond_sword":120,"minecraft:oak_boat":3,"minecraft:stripped_acacia_wood":1,"minecraft:iron_bars":1,"minecraft:stone_sword":152,"tombstone:scroll_of_frost_resistance":1,"minecraft:stick":1,"minecraft:torch":364,"minecraft:anvil":2,"tombstone:ankh_of_pray":5,"minecraft:iron_axe":89,"minecraft:polished_deepslate_wall":1,"iceandfire:armor_bronze_leggings":1,"minecraft:barrel":1,"tombstone:gift":14,"minecraft:cobbled_deepslate":15,"minecraft:water_bucket":39,"tombstone:scroll_of_reach":5,"quark:forgotten_hat":1,"minecraft:leather_boots":1,"minecraft:cracked_stone_bricks":1,"minecraft:crafting_table":12,"minecraft:oak_slab":7,"minecraft:red_bed":12,"supplementaries:bomb":4,"minecraft:white_bed":15,"iceandfire:armor_bronze_chestplate":1,"minecraft:dark_prismarine":7,"minecraft:diamond_shovel":161,"minecraft:iron_pickaxe":285,"minecraft:tnt_minecart":1,"minecraft:leather_helmet":1,"tombstone:magic_scroll":21,"quark:dark_oak_chest":1,"minecraft:cobblestone":514,"minecraft:potion":3,"minecraft:purple_bed":3,"quark:oak_chest":1,"minecraft:stripped_oak_log":1,"minecraft:dandelion":3,"tombstone:scroll_of_unstable_intangibility":2,"minecraft:iron_shovel":515,"minecraft:oak_sign":1,"minecraft:shield":57,"minecraft:iron_sword":1151,"tombstone:scroll_of_purification":6,"minecraft:tuff":2,"sophisticatedbackpacks:diamond_backpack":1,"minecraft:iron_helmet":1,"minecraft:stone_bricks":5,"iceandfire:armor_bronze_boots":1,"minecraft:stone_pickaxe":126,"minecraft:oak_planks":59,"minecraft:ender_pearl":1,"minecraft:sandstone":1,"minecraft:diamond_axe":405,"minecraft:white_wool":2,"vanillaplustools:diamond_hammer":185,"minecraft:yellow_terracotta":1,"alexscaves:cave_book":1,"minecraft:stone_brick_wall":1,"minecraft:black_bed":13,"sophisticatedbackpacks:backpack":2,"iceandfire:dragonbone_sword":1603,"minecraft:firework_rocket":25,"minecraft:dark_oak_log":1,"minecraft:bread":77,"minecraft:brown_wool":2,"tombstone:grave_key":6,"minecraft:iron_door":1,"minecraft:gravel":9,"iceandfire:dragon_skull_fire":2,"minecraft:andesite":15,"minecraft:chain":1,"minecraft:cobweb":4,"minecraft:experience_bottle":2,"minecraft:oak_fence":12,"minecraft:rose_bush":1,"minecraft:spruce_planks":4,"minecraft:stripped_birch_wood":2,"minecraft:wooden_shovel":2,"minecraft:stone_hoe":83,"minecraft:oak_door":1,"minecraft:dirt":685,"tombstone:scroll_of_aquatic_life":1,"minecraft:diamond_helmet":1,"minecraft:dark_oak_planks":3,"minecraft:iron_hoe":28,"minecraft:oak_stairs":1,"minecraft:iron_boots":1,"iceandfire:dragonbone_pickaxe":415,"minecraft:iron_leggings":3,"born_in_chaos_v1:trident_hayfork":269,"tombstone:scroll_of_knowledge":1,"minecraft:cobblestone_stairs":2,"minecraft:baked_potato":2,"minecraft:cut_sandstone":4,"ecologics:walnut_sapling":1,"luminousworld:ishstone":3,"minecraft:green_bed":1,"tombstone:scroll_of_feather_fall":1,"tombstone:bag_of_seeds":3,"minecraft:stone_axe":187,"minecraft:fishing_rod":7,"minecraft:bucket":40,"minecraft:pumpkin_pie":52,"minecraft:yellow_bed":6,"alexsmobs:animal_dictionary":1,"minecraft:gray_wool":1,"minecraft:splash_potion":4,"minecraft:chainmail_leggings":4},"minecraft:broken":{"aether:golden_gloves":1,"minecraft:diamond_helmet":1,"iceandfire:armor_bronze_boots":2,"minecraft:iron_sword":3,"iceandfire:armor_bronze_helmet":2,"quark:forgotten_hat":1,"iceandfire:cyclops_eye":1,"minecraft:stone_sword":1,"aether:iron_gloves":3,"minecraft:shield":3,"minecraft:iron_helmet":3,"aether:leather_gloves":1,"minecraft:iron_shovel":2,"iceandfire:armor_bronze_leggings":3,"minecraft:diamond_boots":1,"iceandfire:armor_bronze_chestplate":2,"iceandfire:armor_gray_chestplate":1,"minecraft:stone_axe":2,"iceandfire:armor_gray_leggings":1}},"DataVersion":3465}