{"stats":{"minecraft:crafted":{"minecraft:oak_planks":24,"minecraft:crafting_table":1,"minecraft:stick":8,"minecraft:wooden_pickaxe":1,"minecraft:stone_pickaxe":1,"minecraft:stone_sword":1,"minecraft:torch":4,"minecraft:stone_axe":1},"minecraft:used":{"minecraft:stone_sword":12,"minecraft:bread":7,"minecraft:stone_pickaxe":56,"minecraft:wooden_pickaxe":22,"minecraft:iron_sword":11,"minecraft:torch":3,"minecraft:stone_axe":5,"minecraft:dirt":16,"minecraft:cobblestone":4,"minecraft:purple_bed":2,"minecraft:crafting_table":1,"minecraft:allium":1,"alexsmobs:animal_dictionary":1},"minecraft:mined":{"minecraft:large_fern":2,"minecraft:seagrass":1,"minecraft:purple_bed":2,"minecraft:glass_pane":1,"minecraft:andesite":1,"luminousworld:mossbuds_3":1,"luminousworld:mossbuds_1":1,"minecraft:torch":1,"minecraft:crafting_table":1,"minecraft:coal_ore":14,"minecraft:grass_block":7,"minecraft:oak_log":6,"minecraft:dirt":26,"minecraft:cobblestone":4,"minecraft:spruce_leaves":4,"minecraft:stone":47,"minecraft:sugar_cane":5},"minecraft:picked_up":{"minecraft:crafting_table":1,"minecraft:allium":1,"minecraft:clay_ball":4,"minecraft:andesite":1,"minecraft:torch":1,"minecraft:oak_log":6,"minecraft:dirt":31,"minecraft:bone":1,"minecraft:purple_bed":2,"minecraft:rotten_flesh":1,"minecraft:sugar_cane":8,"minecraft:coal":14,"minecraft:cobblestone":51},"minecraft:dropped":{"minecraft:andesite":1,"minecraft:rotten_flesh":1,"minecraft:clay_ball":4,"minecraft:wooden_pickaxe":1},"minecraft:killed":{"minecraft:skeleton":1,"takesapillage:clay_golem":1},"minecraft:custom":{"minecraft:time_since_rest":20444,"minecraft:sprint_one_cm":66377,"minecraft:damage_taken":135,"minecraft:walk_one_cm":53820,"minecraft:mob_kills":2,"minecraft:drop":7,"minecraft:damage_dealt":630,"minecraft:swim_one_cm":4535,"minecraft:talked_to_villager":14,"minecraft:interact_with_crafting_table":3,"minecraft:fly_one_cm":125298,"minecraft:open_chest":14,"minecraft:crouch_one_cm":4059,"minecraft:play_time":65339,"tombstone:undead_killed":1,"minecraft:sneak_time":1645,"minecraft:walk_under_water_one_cm":1077,"minecraft:jump":589,"minecraft:time_since_death":65339,"minecraft:walk_on_water_one_cm":7326,"minecraft:sleep_in_bed":3,"minecraft:climb_one_cm":315,"minecraft:total_world_time":65339,"minecraft:fall_one_cm":14205}},"DataVersion":3465}