{"stats":{"minecraft:used":{"minecraft:stone_sword":11,"minecraft:acacia_log":2,"minecraft:stone_pickaxe":25,"minecraft:mangrove_planks":9,"minecraft:ender_pearl":1,"minecraft:wooden_pickaxe":36,"minecraft:iron_sword":215,"regions_unexplored:mauve_log":6,"simpletomb:grave_key":19,"minecraft:torch":2,"minecraft:dirt":5,"minecraft:mangrove_trapdoor":1,"minecraft:crafting_table":3,"regions_unexplored:mauve_sapling":2,"regions_unexplored:mauve_planks":38,"minecraft:golden_chestplate":1,"minecraft:apple":5,"minecraft:bread":2,"minecraft:stone_axe":39,"minecraft:tripwire_hook":1,"minecraft:cobblestone":1,"alexsmobs:animal_dictionary":1},"minecraft:killed_by":{"minecraft:zombie":1},"minecraft:killed":{"minecraft:husk":11,"minecraft:spider":1,"endermanoverhaul:savanna_enderman":1},"minecraft:custom":{"minecraft:mob_kills":13,"minecraft:interact_with_crafting_table":4,"minecraft:open_barrel":4,"minecraft:leave_game":4,"minecraft:time_since_death":21123,"minecraft:climb_one_cm":1186,"minecraft:time_since_rest":21177,"minecraft:sprint_one_cm":87706,"minecraft:damage_taken":730,"minecraft:walk_one_cm":174333,"minecraft:drop":9,"minecraft:damage_dealt":6469,"minecraft:swim_one_cm":22018,"minecraft:fly_one_cm":139652,"minecraft:open_chest":4,"minecraft:crouch_one_cm":24674,"minecraft:play_time":48045,"minecraft:deaths":2,"minecraft:sneak_time":6798,"minecraft:walk_under_water_one_cm":6966,"minecraft:jump":505,"minecraft:interact_with_blast_furnace":3,"minecraft:walk_on_water_one_cm":33758,"minecraft:interact_with_smoker":5,"minecraft:total_world_time":48045,"minecraft:fall_one_cm":5275},"minecraft:mined":{"regions_unexplored:enchanted_birch_leaf_pile":1,"minecraft:crafting_table":3,"minecraft:grass_block":1,"minecraft:white_stained_glass":2,"regions_unexplored:mauve_log":23,"minecraft:mangrove_trapdoor":1,"minecraft:wall_torch":1,"minecraft:light_gray_stained_glass":2,"minecraft:mangrove_planks":8,"regions_unexplored:pine_leaves":1,"minecraft:grass":2,"minecraft:coal_ore":23,"minecraft:gravel":2,"minecraft:dirt":4,"minecraft:stone":31,"minecraft:tripwire_hook":1,"realmrpg_skeletons:trident_skeleton":1,"minecraft:stripped_mangrove_wood":2},"minecraft:dropped":{"minecraft:gravel":2,"minecraft:stone_sword":2,"minecraft:copper_ingot":1,"regions_unexplored:enchanted_birch_leaf_pile":2,"minecraft:wooden_pickaxe":1,"minecraft:bone":2},"minecraft:crafted":{"minecraft:crafting_table":1,"minecraft:wooden_pickaxe":1,"minecraft:iron_sword":1,"minecraft:mangrove_planks":8,"minecraft:stone_axe":1,"regions_unexplored:mauve_planks":64,"minecraft:stick":12,"minecraft:stone_pickaxe":1,"minecraft:stone_sword":1,"minecraft:torch":8,"minecraft:stone_hoe":1},"minecraft:picked_up":{"minecraft:crafting_table":3,"minecraft:tripwire_hook":1,"minecraft:potion":2,"minecraft:dirt":5,"minecraft:bone":2,"minecraft:apple":1,"minecraft:iron_ingot":2,"minecraft:mangrove_planks":7,"minecraft:stripped_mangrove_wood":2,"minecraft:copper_ingot":1,"minecraft:torch":1,"minecraft:acacia_log":2,"minecraft:gravel":2,"minecraft:mangrove_trapdoor":1,"minecraft:stone_sword":1,"regions_unexplored:enchanted_birch_leaf_pile":2,"minecraft:rotten_flesh":11,"regions_unexplored:mauve_sapling":2,"regions_unexplored:mauve_log":22,"minecraft:coal":23,"minecraft:cobblestone":31,"minecraft:ender_pearl":1}},"DataVersion":3465}