{"stats":{"minecraft:crafted":{"minecraft:cooked_beef":9,"minecraft:crafting_table":1,"minecraft:stick":8,"minecraft:wooden_pickaxe":1,"minecraft:stone_pickaxe":1,"minecraft:stone_sword":1,"minecraft:furnace":1,"minecraft:white_bed":1,"minecraft:torch":4,"minecraft:stone_axe":1,"minecraft:air":0,"minecraft:jungle_planks":20},"minecraft:used":{"minecraft:stone_sword":44,"minecraft:stone_pickaxe":67,"minecraft:wooden_pickaxe":15,"minecraft:stone_axe":21,"minecraft:white_wool":1,"minecraft:dirt":13,"minecraft:cobblestone":11,"minecraft:crafting_table":2,"minecraft:furnace":1,"minecraft:white_bed":3,"alexsmobs:animal_dictionary":1,"minecraft:egg":1,"minecraft:cooked_beef":4},"minecraft:mined":{"minecraft:white_bed":3,"minecraft:furnace":1,"minecraft:jungle_leaves":1,"minecraft:crafting_table":2,"minecraft:grass":9,"minecraft:acacia_log":2,"minecraft:grass_block":3,"minecraft:coal_ore":27,"minecraft:vine":1,"minecraft:jungle_log":5,"minecraft:dirt":10,"luminousworld:grassvariant_2":1,"minecraft:tall_grass":1,"minecraft:cobblestone":5,"minecraft:stone":40},"minecraft:picked_up":{"minecraft:crafting_table":2,"minecraft:feather":4,"minecraft:chicken":2,"minecraft:jungle_log":5,"minecraft:leather":6,"minecraft:white_bed":3,"minecraft:dirt":13,"minecraft:beef":24,"minecraft:coal":27,"minecraft:egg":1,"alexsmobs:lobster_tail":1,"minecraft:mutton":6,"minecraft:white_wool":4,"minecraft:cobblestone":45,"minecraft:furnace":1},"minecraft:dropped":{"alexsmobs:lobster_tail":1,"minecraft:wooden_pickaxe":1},"minecraft:killed":{"minecraft:sheep":4,"alexsmobs:lobster":1,"minecraft:zombie":1,"minecraft:chicken":2,"enemyexpansion:direwolf":3,"minecraft:cow":8},"minecraft:custom":{"minecraft:time_since_rest":454,"minecraft:interact_with_furnace":3,"minecraft:sprint_one_cm":38283,"minecraft:damage_taken":455,"minecraft:walk_one_cm":35781,"minecraft:mob_kills":20,"minecraft:drop":2,"minecraft:damage_dealt":1939,"minecraft:swim_one_cm":4002,"minecraft:interact_with_crafting_table":4,"minecraft:fly_one_cm":105663,"minecraft:crouch_one_cm":2943,"minecraft:play_time":23392,"tombstone:undead_killed":1,"minecraft:walk_under_water_one_cm":3034,"minecraft:sneak_time":2035,"minecraft:jump":430,"minecraft:walk_on_water_one_cm":7231,"minecraft:time_since_death":23392,"minecraft:sleep_in_bed":2,"minecraft:climb_one_cm":48,"minecraft:total_world_time":23392,"minecraft:fall_one_cm":14684}},"DataVersion":3465}