{"stats":{"minecraft:used":{"minecraft:apple":1,"minecraft:stone_sword":11,"minecraft:acacia_log":2,"minecraft:wooden_pickaxe":36,"regions_unexplored:mauve_log":6,"simpletomb:grave_key":1,"minecraft:stone_axe":20,"minecraft:dirt":5,"minecraft:cobblestone":1,"minecraft:crafting_table":1,"regions_unexplored:mauve_sapling":2,"alexsmobs:animal_dictionary":1},"minecraft:killed_by":{"minecraft:zombie":1},"minecraft:killed":{"minecraft:spider":1,"endermanoverhaul:savanna_enderman":1},"minecraft:custom":{"minecraft:time_since_rest":22659,"minecraft:sprint_one_cm":47024,"minecraft:damage_taken":515,"minecraft:walk_one_cm":73356,"minecraft:mob_kills":2,"minecraft:drop":7,"minecraft:damage_dealt":596,"minecraft:swim_one_cm":17269,"minecraft:interact_with_crafting_table":2,"minecraft:fly_one_cm":48580,"minecraft:open_chest":1,"minecraft:crouch_one_cm":4929,"minecraft:play_time":24575,"minecraft:deaths":1,"minecraft:sneak_time":2407,"minecraft:walk_under_water_one_cm":2645,"minecraft:jump":214,"minecraft:time_since_death":22579,"minecraft:leave_game":3,"minecraft:walk_on_water_one_cm":18344,"minecraft:climb_one_cm":1186,"minecraft:total_world_time":24575,"minecraft:fall_one_cm":2490},"minecraft:dropped":{"minecraft:stone_sword":1,"minecraft:wooden_pickaxe":1,"minecraft:copper_ingot":1,"regions_unexplored:enchanted_birch_leaf_pile":2,"minecraft:bone":2},"minecraft:mined":{"regions_unexplored:enchanted_birch_leaf_pile":1,"minecraft:crafting_table":1,"regions_unexplored:pine_leaves":1,"minecraft:grass":1,"minecraft:grass_block":1,"minecraft:dirt":4,"regions_unexplored:mauve_log":23,"realmrpg_skeletons:trident_skeleton":1,"minecraft:stone":31},"minecraft:crafted":{"regions_unexplored:mauve_planks":28,"minecraft:crafting_table":1,"minecraft:stick":8,"minecraft:wooden_pickaxe":1,"minecraft:stone_pickaxe":1,"minecraft:stone_sword":1,"minecraft:stone_axe":1},"minecraft:picked_up":{"minecraft:crafting_table":1,"minecraft:copper_ingot":1,"minecraft:acacia_log":2,"minecraft:dirt":5,"regions_unexplored:enchanted_birch_leaf_pile":2,"minecraft:stone_sword":1,"minecraft:bone":2,"regions_unexplored:mauve_sapling":2,"minecraft:apple":1,"regions_unexplored:mauve_log":22,"minecraft:cobblestone":31,"minecraft:ender_pearl":1}},"DataVersion":3465}