{"stats":{"minecraft:broken":{"minecraft:stone_sword":1,"aether:leather_gloves":1},"minecraft:killed_by":{"enemyexpansion:botfly":1,"minecraft:zombie":2},"minecraft:used":{"minecraft:oak_fence":1,"minecraft:rose_bush":1,"minecraft:stone_sword":152,"minecraft:poppy":1,"minecraft:iron_sword":40,"minecraft:stone_hoe":80,"minecraft:oak_door":1,"minecraft:torch":5,"minecraft:dirt":28,"minecraft:allium":1,"minecraft:oak_stairs":1,"minecraft:iron_boots":1,"minecraft:stone_brick_stairs":1,"minecraft:furnace":1,"tombstone:gift":4,"minecraft:iron_leggings":3,"minecraft:leather_leggings":1,"minecraft:cobblestone_stairs":1,"minecraft:stone_pickaxe":126,"minecraft:baked_potato":2,"minecraft:oak_planks":14,"minecraft:leather_chestplate":1,"minecraft:wooden_pickaxe":33,"minecraft:leather_boots":1,"minecraft:white_wool":1,"minecraft:sand":2,"minecraft:crafting_table":6,"sophisticatedbackpacks:backpack":2,"minecraft:dark_oak_log":1,"minecraft:bread":37,"minecraft:brown_wool":2,"minecraft:leather_helmet":1,"minecraft:stone_axe":79,"minecraft:cobblestone":5,"minecraft:purple_bed":3,"minecraft:bucket":1,"minecraft:andesite":11,"quark:oak_chest":1,"alexsmobs:animal_dictionary":1,"minecraft:dandelion":1,"minecraft:experience_bottle":1,"minecraft:chainmail_leggings":4},"minecraft:crafted":{"minecraft:oak_planks":156,"minecraft:furnace":1,"minecraft:stone_pickaxe":2,"minecraft:stone_hoe":1,"minecraft:wheat":243,"sophisticatedbackpacks:backpack":1,"minecraft:crafting_table":3,"minecraft:wooden_pickaxe":2,"minecraft:baked_potato":8,"minecraft:iron_sword":1,"minecraft:bucket":1,"minecraft:stone_axe":2,"minecraft:bread":81,"minecraft:air":0,"minecraft:stick":24,"quark:oak_chest":2,"minecraft:iron_pickaxe":1,"minecraft:stone_sword":3,"minecraft:torch":4},"minecraft:picked_up":{"minecraft:crafting_table":3,"minecraft:allium":1,"minecraft:clay_ball":4,"minecraft:anvil":1,"minecraft:oak_stairs":1,"minecraft:stone_brick_stairs":1,"minecraft:string":3,"minecraft:experience_bottle":1,"minecraft:beef":14,"minecraft:rose_bush":1,"minecraft:observer":1,"minecraft:poppy":1,"minecraft:sugar_cane":8,"minecraft:raw_iron":1,"minecraft:oak_door":1,"minecraft:oak_fence":1,"minecraft:torch":2,"sophisticatedbackpacks:backpack":2,"tombstone:grave_dust":1,"minecraft:stone_sword":1,"minecraft:rotten_flesh":8,"minecraft:hay_block":74,"minecraft:mutton":2,"minecraft:cobblestone":77,"minecraft:white_wool":1,"minecraft:oxeye_daisy":1,"born_in_chaos_v1:corpse_maggot":4,"minecraft:feather":2,"minecraft:andesite":23,"minecraft:brown_wool":2,"minecraft:leather":6,"minecraft:oak_log":39,"minecraft:yellow_bed":1,"minecraft:cobblestone_stairs":1,"minecraft:dirt":48,"minecraft:bone":1,"minecraft:wheat_seeds":5,"minecraft:iron_ingot":4,"minecraft:iron_sword":2,"minecraft:oak_planks":13,"minecraft:dandelion":1,"minecraft:sand":2,"minecraft:spruce_sapling":4,"minecraft:dark_oak_log":1,"minecraft:bundle":1,"minecraft:purple_bed":3,"minecraft:stone_axe":1,"minecraft:chainmail_leggings":1,"minecraft:emerald":1,"minecraft:bread":17,"minecraft:coal":33,"minecraft:hopper":1},"minecraft:dropped":{"minecraft:bread":10,"minecraft:iron_sword":2,"minecraft:wheat_seeds":5,"minecraft:feather":2,"minecraft:yellow_carpet":1,"minecraft:oxeye_daisy":1,"minecraft:dirt":2,"tombstone:grave_key":1,"minecraft:stone_axe":1,"minecraft:stone_sword":1,"minecraft:rotten_flesh":6,"minecraft:clay_ball":4,"minecraft:andesite":1,"minecraft:leather_leggings":1,"minecraft:wooden_pickaxe":2},"minecraft:custom":{"minecraft:mob_kills":37,"minecraft:interact_with_crafting_table":16,"minecraft:leave_game":4,"minecraft:time_since_death":75012,"minecraft:climb_one_cm":1663,"minecraft:sprint_one_cm":231469,"minecraft:walk_one_cm":265643,"minecraft:drop":31,"minecraft:talked_to_villager":14,"minecraft:play_time":190948,"minecraft:deaths":5,"minecraft:sneak_time":8270,"minecraft:walk_under_water_one_cm":1913,"minecraft:jump":2444,"minecraft:walk_on_water_one_cm":16221,"minecraft:total_world_time":190948,"minecraft:interact_with_furnace":5,"minecraft:sleep_in_bed":11,"minecraft:time_since_rest":11503,"minecraft:damage_taken":2547,"minecraft:damage_dealt":6117,"minecraft:swim_one_cm":4906,"minecraft:fly_one_cm":523201,"minecraft:open_chest":37,"minecraft:crouch_one_cm":14380,"tombstone:undead_killed":11,"minecraft:fall_one_cm":74770},"minecraft:killed":{"alexsmobs:raccoon":1,"alexsmobs:seagull":1,"born_in_chaos_v1:maggot":4,"minecraft:horse":2,"minecraft:skeleton":2,"takesapillage:clay_golem":1,"undead_revamp2:thebidy":1,"friendsandfoes:copper_golem":1,"minecraft:iron_golem":1,"enemyexpansion:sprinter":1,"earthmobsmod:wooly_cow":2,"minecraft:sheep":1,"born_in_chaos_v1:bloody_gadfly":1,"minecraft:zombie":7,"enemyexpansion:botfly":7,"minecraft:cow":4},"minecraft:mined":{"minecraft:dark_oak_leaves":1,"minecraft:cobblestone_stairs":1,"luminousworld:mossbuds_1":1,"minecraft:grass_block":14,"minecraft:yellow_carpet":1,"luminousworld:grassvariant_2":1,"minecraft:spruce_leaves":4,"minecraft:hopper":1,"minecraft:oxeye_daisy":1,"minecraft:large_fern":2,"minecraft:hay_block":74,"minecraft:iron_ore":1,"minecraft:fire":7,"minecraft:andesite":23,"luminousworld:mossbuds_3":1,"minecraft:anvil":1,"minecraft:dirt_path":2,"minecraft:oak_stairs":1,"minecraft:stone":73,"sophisticatedbackpacks:backpack":2,"minecraft:glass_pane":2,"minecraft:observer":1,"minecraft:oak_fence":1,"minecraft:torch":1,"minecraft:crafting_table":3,"minecraft:rose_bush":1,"minecraft:tall_grass":3,"minecraft:cobblestone":4,"minecraft:oak_planks":15,"minecraft:sugar_cane":5,"placeablesmod:bread_full_block":1,"minecraft:wall_torch":1,"minecraft:seagrass":1,"minecraft:purple_bed":3,"minecraft:wheat":2,"minecraft:yellow_bed":1,"minecraft:stone_brick_stairs":1,"minecraft:grass":14,"minecraft:coal_ore":33,"minecraft:oak_log":39,"minecraft:dirt":35,"minecraft:sand":2,"minecraft:cobweb":4}},"DataVersion":3465}