{"stats":{"minecraft:crafted":{"minecraft:cooked_beef":9,"minecraft:crafting_table":1,"minecraft:stick":8,"minecraft:wooden_pickaxe":1,"minecraft:stone_pickaxe":1,"minecraft:stone_sword":1,"minecraft:furnace":1,"minecraft:white_bed":1,"minecraft:stone_axe":1,"minecraft:air":0,"minecraft:jungle_planks":20},"minecraft:used":{"minecraft:stone_sword":7,"minecraft:stone_pickaxe":18,"minecraft:wooden_pickaxe":15,"minecraft:stone_axe":19,"minecraft:dirt":6,"minecraft:crafting_table":2,"minecraft:furnace":1,"minecraft:white_bed":1,"alexsmobs:animal_dictionary":1,"minecraft:cooked_beef":1},"minecraft:mined":{"minecraft:white_bed":1,"minecraft:furnace":1,"minecraft:jungle_leaves":1,"minecraft:crafting_table":2,"minecraft:grass":5,"minecraft:grass_block":2,"minecraft:vine":1,"minecraft:jungle_log":5,"minecraft:dirt":7,"luminousworld:grassvariant_2":1,"minecraft:tall_grass":1,"minecraft:stone":27},"minecraft:picked_up":{"minecraft:crafting_table":2,"minecraft:feather":2,"minecraft:chicken":1,"minecraft:jungle_log":5,"minecraft:leather":6,"minecraft:white_bed":1,"minecraft:dirt":9,"minecraft:beef":21,"minecraft:mutton":4,"minecraft:white_wool":3,"minecraft:cobblestone":27,"minecraft:furnace":1},"minecraft:dropped":{"minecraft:wooden_pickaxe":1},"minecraft:killed":{"minecraft:sheep":3,"minecraft:zombie":1,"minecraft:chicken":1,"minecraft:cow":7},"minecraft:custom":{"minecraft:time_since_rest":2084,"minecraft:interact_with_furnace":3,"minecraft:sprint_one_cm":14416,"minecraft:damage_taken":125,"minecraft:walk_one_cm":10207,"minecraft:mob_kills":13,"minecraft:drop":1,"minecraft:damage_dealt":1188,"minecraft:interact_with_crafting_table":4,"minecraft:fly_one_cm":30841,"minecraft:crouch_one_cm":1305,"minecraft:play_time":11392,"tombstone:undead_killed":1,"minecraft:sneak_time":777,"minecraft:jump":126,"minecraft:time_since_death":11392,"minecraft:sleep_in_bed":1,"minecraft:climb_one_cm":48,"minecraft:total_world_time":11392,"minecraft:fall_one_cm":3460}},"DataVersion":3465}