{"stats":{"minecraft:killed":{"minecraft:zombie":1},"minecraft:picked_up":{"regions_unexplored:cypress_log":4,"minecraft:sand":12,"minecraft:dirt":7},"minecraft:mined":{"minecraft:grass_block":3,"regions_unexplored:cypress_log":3,"minecraft:dirt":4,"minecraft:sand":13,"minecraft:fern":1},"minecraft:dropped":{"regions_unexplored:cypress_log":1},"minecraft:killed_by":{"minecraft:zombie":1},"minecraft:used":{"minecraft:crafting_table":1,"alexsmobs:animal_dictionary":2},"minecraft:custom":{"minecraft:time_since_rest":262,"minecraft:play_time":6610,"minecraft:sprint_one_cm":30555,"minecraft:deaths":1,"minecraft:damage_taken":200,"minecraft:walk_one_cm":14807,"minecraft:walk_under_water_one_cm":429,"minecraft:mob_kills":1,"minecraft:drop":1,"minecraft:jump":78,"minecraft:damage_dealt":208,"minecraft:leave_game":1,"minecraft:time_since_death":0,"minecraft:walk_on_water_one_cm":353,"minecraft:total_world_time":6610,"minecraft:fall_one_cm":2299,"minecraft:fly_one_cm":33233},"minecraft:crafted":{"minecraft:crafting_table":1,"regions_unexplored:cypress_planks":10}},"DataVersion":3465}