{"stats":{"minecraft:killed":{"minecraft:husk":1},"minecraft:picked_up":{"minecraft:arrow":5,"minecraft:bone":3},"minecraft:custom":{"minecraft:jump":22,"minecraft:time_since_rest":3330,"minecraft:damage_dealt":202,"minecraft:damage_taken":35,"minecraft:play_time":3330,"minecraft:leave_game":2,"minecraft:sprint_one_cm":4197,"minecraft:walk_one_cm":4312,"minecraft:time_since_death":3330,"minecraft:total_world_time":3330,"minecraft:mob_kills":1,"minecraft:fall_one_cm":627,"minecraft:fly_one_cm":6507}},"DataVersion":3953}