{"stats":{"minecraft:killed":{"minecraft:husk":1},"minecraft:picked_up":{"minecraft:sand":5,"minecraft:arrow":5,"minecraft:bone":3},"minecraft:killed_by":{"minecraft:husk":1},"minecraft:custom":{"minecraft:jump":78,"minecraft:walk_on_water_one_cm":374,"minecraft:time_since_rest":4514,"minecraft:deaths":1,"minecraft:damage_dealt":202,"minecraft:damage_taken":351,"minecraft:play_time":9306,"minecraft:leave_game":2,"minecraft:sprint_one_cm":6983,"minecraft:walk_one_cm":7439,"minecraft:time_since_death":3368,"minecraft:sneak_time":87,"minecraft:total_world_time":9306,"minecraft:mob_kills":1,"minecraft:fall_one_cm":2475,"minecraft:fly_one_cm":88316}},"DataVersion":3953}