{"stats":{"minecraft:killed":{"minecraft:sheep":4,"minecraft:skeleton":2,"minecraft:husk":1,"minecraft:zombie":3,"minecraft:zombie_villager":1,"minecraft:spider":3},"minecraft:picked_up":{"minecraft:acacia_log":4,"minecraft:sand":5,"minecraft:dirt":13,"minecraft:spider_eye":1,"minecraft:string":5,"minecraft:arrow":9,"minecraft:bone":5,"minecraft:rotten_flesh":1,"minecraft:wheat_seeds":4,"minecraft:mutton":7,"minecraft:white_wool":4,"minecraft:cobblestone":1},"minecraft:mined":{"minecraft:short_grass":8,"minecraft:acacia_log":1},"minecraft:killed_by":{"minecraft:husk":1},"minecraft:custom":{"minecraft:time_since_rest":28514,"minecraft:sprint_one_cm":25337,"minecraft:damage_taken":381,"minecraft:walk_one_cm":27854,"minecraft:damage_absorbed":33,"minecraft:mob_kills":14,"minecraft:drop":23,"minecraft:damage_dealt":1894,"minecraft:interact_with_crafting_table":3,"minecraft:fly_one_cm":617938,"minecraft:play_time":33306,"minecraft:deaths":1,"minecraft:sneak_time":625,"minecraft:jump":204,"minecraft:leave_game":2,"minecraft:walk_on_water_one_cm":374,"minecraft:time_since_death":27368,"minecraft:total_world_time":33306,"minecraft:fall_one_cm":4623},"minecraft:dropped":{"minecraft:diamond_chestplate":1,"minecraft:diamond_pickaxe":1,"minecraft:diamond_leggings":1,"minecraft:netherite_axe":1,"minecraft:diamond_helmet":1,"minecraft:diamond_boots":1,"minecraft:white_wool":4,"minecraft:acacia_planks":12,"minecraft:golden_apple":64},"minecraft:used":{"minecraft:diamond_boots":1,"minecraft:diamond_chestplate":1,"minecraft:golden_apple":1,"minecraft:diamond_sword":38,"minecraft:crafting_table":1,"minecraft:diamond_helmet":1,"minecraft:diamond_leggings":1},"minecraft:crafted":{"minecraft:crafting_table":1,"minecraft:acacia_planks":16}},"DataVersion":3953}