{"stats":{"minecraft:killed":{"minecraft:sheep":7,"minecraft:skeleton":2,"minecraft:armadillo":1,"minecraft:husk":1,"minecraft:zombie":3,"minecraft:zombie_villager":1,"minecraft:spider":3,"minecraft:cow":1},"minecraft:picked_up":{"minecraft:leather":1,"minecraft:acacia_log":4,"minecraft:sand":5,"minecraft:white_bed":2,"minecraft:dirt":13,"minecraft:spider_eye":1,"minecraft:string":5,"minecraft:arrow":9,"minecraft:bone":5,"minecraft:rotten_flesh":1,"minecraft:wheat_seeds":4,"minecraft:beef":6,"minecraft:oak_sapling":1,"minecraft:mutton":12,"minecraft:white_wool":7,"minecraft:cobblestone":1},"minecraft:mined":{"minecraft:white_bed":1,"minecraft:short_grass":12,"minecraft:acacia_log":1,"minecraft:oak_leaves":5},"minecraft:killed_by":{"minecraft:husk":1},"minecraft:custom":{"minecraft:time_since_rest":40153,"minecraft:interact_with_furnace":1,"minecraft:sprint_one_cm":47620,"minecraft:damage_taken":487,"minecraft:walk_one_cm":49253,"minecraft:damage_absorbed":33,"minecraft:mob_kills":19,"minecraft:drop":35,"minecraft:damage_dealt":2354,"minecraft:interact_with_crafting_table":3,"minecraft:fly_one_cm":673921,"minecraft:play_time":44945,"minecraft:deaths":1,"minecraft:sneak_time":625,"minecraft:walk_under_water_one_cm":319,"minecraft:jump":450,"minecraft:leave_game":3,"minecraft:walk_on_water_one_cm":580,"minecraft:time_since_death":39007,"minecraft:total_world_time":44945,"minecraft:fall_one_cm":13043},"minecraft:dropped":{"minecraft:wheat_seeds":4,"minecraft:diamond_chestplate":1,"minecraft:mutton":12,"minecraft:diamond_pickaxe":1,"minecraft:diamond_leggings":1,"minecraft:netherite_axe":1,"minecraft:diamond_helmet":1,"minecraft:rotten_flesh":1,"minecraft:spider_eye":1,"minecraft:diamond_boots":1,"minecraft:beef":6,"minecraft:white_wool":4,"minecraft:grass_block":1,"minecraft:acacia_planks":12,"minecraft:golden_apple":64},"minecraft:used":{"minecraft:cooked_mutton":3,"minecraft:diamond_boots":1,"minecraft:diamond_chestplate":1,"minecraft:golden_apple":1,"minecraft:diamond_sword":53,"minecraft:dirt":13,"minecraft:cobblestone":1,"minecraft:crafting_table":1,"minecraft:diamond_helmet":1,"minecraft:white_bed":2,"minecraft:diamond_leggings":1},"minecraft:crafted":{"minecraft:crafting_table":1,"minecraft:acacia_planks":16,"minecraft:air":0,"minecraft:cooked_mutton":3}},"DataVersion":3953}