{"stats":{"minecraft:mined":{"regions_unexplored:cypress_log":6,"minecraft:tall_grass":1,"minecraft:fern":1,"regions_unexplored:pine_log":1},"minecraft:picked_up":{"regions_unexplored:cypress_log":7,"regions_unexplored:pine_log":1},"minecraft:used":{"alexsmobs:animal_dictionary":1,"regions_unexplored:cypress_log":4},"minecraft:custom":{"minecraft:time_since_rest":7893,"minecraft:crouch_one_cm":2794,"minecraft:sprint_one_cm":6081,"minecraft:play_time":7893,"minecraft:damage_taken":40,"minecraft:walk_one_cm":12739,"minecraft:sneak_time":860,"minecraft:walk_under_water_one_cm":563,"minecraft:mob_kills":1,"minecraft:jump":48,"minecraft:damage_dealt":104,"minecraft:leave_game":2,"minecraft:walk_on_water_one_cm":823,"minecraft:time_since_death":7893,"minecraft:total_world_time":7893,"minecraft:fall_one_cm":1798,"minecraft:fly_one_cm":25239},"minecraft:crafted":{"regions_unexplored:pine_planks":4,"regions_unexplored:cypress_planks":4}},"DataVersion":3465}