{"stats":{"minecraft:picked_up":{"born_in_chaos_v1:monster_flesh":1,"minecraft:oak_log":5},"minecraft:custom":{"minecraft:time_since_rest":6294,"minecraft:deaths":1,"minecraft:sprint_one_cm":3750,"minecraft:play_time":8373,"minecraft:damage_taken":425,"minecraft:walk_one_cm":13726,"minecraft:mob_kills":2,"minecraft:jump":42,"minecraft:damage_dealt":266,"minecraft:leave_game":2,"minecraft:time_since_death":6376,"minecraft:total_world_time":8373,"minecraft:interact_with_crafting_table":1,"minecraft:fall_one_cm":418,"minecraft:fly_one_cm":1819},"minecraft:used":{"minecraft:crafting_table":1,"born_in_chaos_v1:monster_flesh":1,"tombstone:gift":2,"alexsmobs:animal_dictionary":2},"minecraft:killed":{"born_in_chaos_v1:dread_hound":1,"born_in_chaos_v1:corpse_fly":1},"minecraft:killed_by":{"born_in_chaos_v1:dread_hound":1},"minecraft:mined":{"minecraft:oak_log":5,"minecraft:sand":1},"minecraft:crafted":{"minecraft:oak_planks":20,"minecraft:crafting_table":1,"minecraft:stick":4,"minecraft:wooden_pickaxe":1,"minecraft:wooden_axe":1}},"DataVersion":3465}